ticker,name,sector,form,filing_date,accession,source_url,local_path,status
AAPL,Apple Inc.,Information Technology,8-K,2026-04-30,0000320193-26-000011,https://www.sec.gov/Archives/edgar/data/320193/000032019326000011/aapl-20260430.htm,sp100_dataset/AAPL/8-K_2026-04-30.txt,cached
AAPL,Apple Inc.,Information Technology,8-K,2026-04-20,0001140361-26-015711,https://www.sec.gov/Archives/edgar/data/320193/000114036126015711/ef20071035_8k.htm,sp100_dataset/AAPL/8-K_2026-04-20.txt,cached
AAPL,Apple Inc.,Information Technology,DEF 14A,2026-01-08,0001308179-26-000008,https://www.sec.gov/Archives/edgar/data/320193/000130817926000008/aapl014016-def14a.htm,sp100_dataset/AAPL/DEF14A_2026-01-08.txt,cached
AAPL,Apple Inc.,Information Technology,10-K,2025-10-31,0000320193-25-000079,https://www.sec.gov/Archives/edgar/data/320193/000032019325000079/aapl-20250927.htm,sp100_dataset/AAPL/10-K_2025-10-31.txt,cached
ABBV,AbbVie,Health Care,8-K,2026-07-06,0001551152-26-000021,https://www.sec.gov/Archives/edgar/data/1551152/000155115226000021/abbv-20260706.htm,sp100_dataset/ABBV/8-K_2026-07-06.txt,cached
ABBV,AbbVie,Health Care,8-K,2026-06-22,0001104659-26-076067,https://www.sec.gov/Archives/edgar/data/1551152/000110465926076067/tm2618365d1_8k.htm,sp100_dataset/ABBV/8-K_2026-06-22.txt,cached
ABBV,AbbVie,Health Care,DEF 14A,2026-03-23,0001104659-26-033387,https://www.sec.gov/Archives/edgar/data/1551152/000110465926033387/abbv-20260508xdef14a.htm,sp100_dataset/ABBV/DEF14A_2026-03-23.txt,cached
ABBV,AbbVie,Health Care,10-K,2026-02-20,0001551152-26-000008,https://www.sec.gov/Archives/edgar/data/1551152/000155115226000008/abbv-20251231.htm,sp100_dataset/ABBV/10-K_2026-02-20.txt,cached
ABT,Abbott Laboratories,Health Care,8-K,2026-04-27,0001104659-26-049434,https://www.sec.gov/Archives/edgar/data/1800/000110465926049434/tm2612318d1_8k.htm,sp100_dataset/ABT/8-K_2026-04-27.txt,cached
ABT,Abbott Laboratories,Health Care,8-K,2026-04-17,0001104659-26-044892,https://www.sec.gov/Archives/edgar/data/1800/000110465926044892/tm2611915d1_8k.htm,sp100_dataset/ABT/8-K_2026-04-17.txt,cached
ABT,Abbott Laboratories,Health Care,DEF 14A,2026-03-13,0001308179-26-000064,https://www.sec.gov/Archives/edgar/data/1800/000130817926000064/abt-20260311.htm,sp100_dataset/ABT/DEF14A_2026-03-13.txt,cached
ABT,Abbott Laboratories,Health Care,10-K,2026-02-20,0001628280-26-010185,https://www.sec.gov/Archives/edgar/data/1800/000162828026010185/abt-20251231.htm,sp100_dataset/ABT/10-K_2026-02-20.txt,cached
ACN,Accenture,Information Technology,8-K,2026-07-10,0001193125-26-300813,https://www.sec.gov/Archives/edgar/data/1467373/000119312526300813/d181172d8k.htm,sp100_dataset/ACN/8-K_2026-07-10.txt,cached
ACN,Accenture,Information Technology,8-K,2026-06-23,0001467373-26-000035,https://www.sec.gov/Archives/edgar/data/1467373/000146737326000035/acn-20260623.htm,sp100_dataset/ACN/8-K_2026-06-23.txt,cached
ACN,Accenture,Information Technology,DEF 14A,2025-12-12,0001308179-25-000651,https://www.sec.gov/Archives/edgar/data/1467373/000130817925000651/acn-20251210.htm,sp100_dataset/ACN/DEF14A_2025-12-12.txt,cached
ACN,Accenture,Information Technology,10-K,2025-10-10,0001467373-25-000217,https://www.sec.gov/Archives/edgar/data/1467373/000146737325000217/acn-20250831.htm,sp100_dataset/ACN/10-K_2025-10-10.txt,cached
ADBE,Adobe Inc.,Information Technology,8-K,2026-06-11,0000796343-26-000109,https://www.sec.gov/Archives/edgar/data/796343/000079634326000109/adbe-20260608.htm,sp100_dataset/ADBE/8-K_2026-06-11.txt,cached
ADBE,Adobe Inc.,Information Technology,8-K,2026-04-21,0000796343-26-000101,https://www.sec.gov/Archives/edgar/data/796343/000079634326000101/adbe-20260415.htm,sp100_dataset/ADBE/8-K_2026-04-21.txt,cached
ADBE,Adobe Inc.,Information Technology,DEF 14A,2026-02-27,0000796343-26-000043,https://www.sec.gov/Archives/edgar/data/796343/000079634326000043/adbe-20260227.htm,sp100_dataset/ADBE/DEF14A_2026-02-27.txt,cached
ADBE,Adobe Inc.,Information Technology,10-K,2026-01-15,0000796343-26-000003,https://www.sec.gov/Archives/edgar/data/796343/000079634326000003/adbe-20251128.htm,sp100_dataset/ADBE/10-K_2026-01-15.txt,cached
AIG,American International Group,Financials,8-K,2026-05-14,0000005272-26-000066,https://www.sec.gov/Archives/edgar/data/5272/000000527226000066/aig-20260513.htm,sp100_dataset/AIG/8-K_2026-05-14.txt,cached
AIG,American International Group,Financials,8-K,2026-04-30,0000005272-26-000048,https://www.sec.gov/Archives/edgar/data/5272/000000527226000048/aig-20260430.htm,sp100_dataset/AIG/8-K_2026-04-30.txt,cached
AIG,American International Group,Financials,DEF 14A,2026-03-31,0000005272-26-000039,https://www.sec.gov/Archives/edgar/data/5272/000000527226000039/aig-20260331.htm,sp100_dataset/AIG/DEF14A_2026-03-31.txt,cached
AIG,American International Group,Financials,10-K,2026-02-12,0000005272-26-000023,https://www.sec.gov/Archives/edgar/data/5272/000000527226000023/aig-20251231.htm,sp100_dataset/AIG/10-K_2026-02-12.txt,cached
AMD,Advanced Micro Devices,Information Technology,8-K,2026-07-01,0000002488-26-000115,https://www.sec.gov/Archives/edgar/data/2488/000000248826000115/amd-20260626.htm,sp100_dataset/AMD/8-K_2026-07-01.txt,cached
AMD,Advanced Micro Devices,Information Technology,8-K,2026-05-15,0001193125-26-226746,https://www.sec.gov/Archives/edgar/data/2488/000119312526226746/d118163d8k.htm,sp100_dataset/AMD/8-K_2026-05-15.txt,cached
AMD,Advanced Micro Devices,Information Technology,DEF 14A,2026-03-27,0001193125-26-129057,https://www.sec.gov/Archives/edgar/data/2488/000119312526129057/d85856ddef14a.htm,sp100_dataset/AMD/DEF14A_2026-03-27.txt,cached
AMD,Advanced Micro Devices,Information Technology,10-K,2026-02-04,0000002488-26-000018,https://www.sec.gov/Archives/edgar/data/2488/000000248826000018/amd-20251227.htm,sp100_dataset/AMD/10-K_2026-02-04.txt,cached
AMGN,Amgen,Health Care,8-K,2026-05-20,0001193125-26-232786,https://www.sec.gov/Archives/edgar/data/318154/000119312526232786/amgn-20260519.htm,sp100_dataset/AMGN/8-K_2026-05-20.txt,cached
AMGN,Amgen,Health Care,8-K,2026-05-19,0000318154-26-000097,https://www.sec.gov/Archives/edgar/data/318154/000031815426000097/amgn-20260519.htm,sp100_dataset/AMGN/8-K_2026-05-19.txt,cached
AMGN,Amgen,Health Care,DEF 14A,2026-04-07,0001193125-26-145588,https://www.sec.gov/Archives/edgar/data/318154/000119312526145588/d13946ddef14a.htm,sp100_dataset/AMGN/DEF14A_2026-04-07.txt,cached
AMGN,Amgen,Health Care,10-K,2026-02-13,0000318154-26-000010,https://www.sec.gov/Archives/edgar/data/318154/000031815426000010/amgn-20251231.htm,sp100_dataset/AMGN/10-K_2026-02-13.txt,cached
AMT,American Tower,Real Estate,8-K,2026-06-04,0001053507-26-000127,https://www.sec.gov/Archives/edgar/data/1053507/000105350726000127/amt-20260602.htm,sp100_dataset/AMT/8-K_2026-06-04.txt,cached
AMT,American Tower,Real Estate,8-K,2026-06-02,0001053507-26-000123,https://www.sec.gov/Archives/edgar/data/1053507/000105350726000123/amt-20260602.htm,sp100_dataset/AMT/8-K_2026-06-02.txt,cached
AMT,American Tower,Real Estate,DEF 14A,2026-04-08,0001053507-26-000088,https://www.sec.gov/Archives/edgar/data/1053507/000105350726000088/amt-20260406.htm,sp100_dataset/AMT/DEF14A_2026-04-08.txt,cached
AMT,American Tower,Real Estate,10-K,2026-02-24,0001053507-26-000035,https://www.sec.gov/Archives/edgar/data/1053507/000105350726000035/amt-20251231.htm,sp100_dataset/AMT/10-K_2026-02-24.txt,cached
AMZN,Amazon,Consumer Discretionary,8-K,2026-07-09,0001104659-26-082293,https://www.sec.gov/Archives/edgar/data/1018724/000110465926082293/tm2619352d4_8k.htm,sp100_dataset/AMZN/8-K_2026-07-09.txt,cached
AMZN,Amazon,Consumer Discretionary,8-K,2026-06-12,0001104659-26-073562,https://www.sec.gov/Archives/edgar/data/1018724/000110465926073562/tm2613616d5_8k.htm,sp100_dataset/AMZN/8-K_2026-06-12.txt,cached
AMZN,Amazon,Consumer Discretionary,DEF 14A,2026-04-09,0001104659-26-041026,https://www.sec.gov/Archives/edgar/data/1018724/000110465926041026/tm261382-1_def14a.htm,sp100_dataset/AMZN/DEF14A_2026-04-09.txt,cached
AMZN,Amazon,Consumer Discretionary,10-K,2026-02-06,0001018724-26-000004,https://www.sec.gov/Archives/edgar/data/1018724/000101872426000004/amzn-20251231.htm,sp100_dataset/AMZN/10-K_2026-02-06.txt,cached
AVGO,Broadcom,Information Technology,8-K,2026-07-06,0001193125-26-295589,https://www.sec.gov/Archives/edgar/data/1730168/000119312526295589/d84378d8k.htm,sp100_dataset/AVGO/8-K_2026-07-06.txt,cached
AVGO,Broadcom,Information Technology,8-K,2026-06-18,0001193125-26-275077,https://www.sec.gov/Archives/edgar/data/1730168/000119312526275077/d149683d8k.htm,sp100_dataset/AVGO/8-K_2026-06-18.txt,cached
AVGO,Broadcom,Information Technology,DEF 14A,2026-03-02,0001193125-26-085691,https://www.sec.gov/Archives/edgar/data/1730168/000119312526085691/d49254ddef14a.htm,sp100_dataset/AVGO/DEF14A_2026-03-02.txt,cached
AVGO,Broadcom,Information Technology,10-K,2025-12-18,0001730168-25-000121,https://www.sec.gov/Archives/edgar/data/1730168/000173016825000121/avgo-20251102.htm,sp100_dataset/AVGO/10-K_2025-12-18.txt,cached
AXP,American Express,Financials,8-K,2026-07-15,0000004962-26-000302,https://www.sec.gov/Archives/edgar/data/4962/000000496226000302/axp-20260715.htm,sp100_dataset/AXP/8-K_2026-07-15.txt,cached
AXP,American Express,Financials,8-K,2026-06-25,0000004962-26-000281,https://www.sec.gov/Archives/edgar/data/4962/000000496226000281/axp-20260625.htm,sp100_dataset/AXP/8-K_2026-06-25.txt,cached
AXP,American Express,Financials,DEF 14A,2026-03-25,0001104659-26-034163,https://www.sec.gov/Archives/edgar/data/4962/000110465926034163/tm2519434-8_def14a.htm,sp100_dataset/AXP/DEF14A_2026-03-25.txt,cached
AXP,American Express,Financials,10-K,2026-02-06,0000004962-26-000080,https://www.sec.gov/Archives/edgar/data/4962/000000496226000080/axp-20251231.htm,sp100_dataset/AXP/10-K_2026-02-06.txt,cached
BA,Boeing,Industrials,8-K,2026-04-22,0001628280-26-026391,https://www.sec.gov/Archives/edgar/data/12927/000162828026026391/ba-20260422.htm,sp100_dataset/BA/8-K_2026-04-22.txt,cached
BA,Boeing,Industrials,8-K,2026-04-17,0001628280-26-025684,https://www.sec.gov/Archives/edgar/data/12927/000162828026025684/ba-20260417.htm,sp100_dataset/BA/8-K_2026-04-17.txt,cached
BA,Boeing,Industrials,DEF 14A,2026-03-06,0001193125-26-096787,https://www.sec.gov/Archives/edgar/data/12927/000119312526096787/d39411ddef14a.htm,sp100_dataset/BA/DEF14A_2026-03-06.txt,cached
BA,Boeing,Industrials,10-K,2026-01-30,0001628280-26-004357,https://www.sec.gov/Archives/edgar/data/12927/000162828026004357/ba-20251231.htm,sp100_dataset/BA/10-K_2026-01-30.txt,cached
BAC,Bank of America,Financials,8-K,2026-07-14,0000070858-26-000353,https://www.sec.gov/Archives/edgar/data/70858/000007085826000353/bac-20260714.htm,sp100_dataset/BAC/8-K_2026-07-14.txt,cached
BAC,Bank of America,Financials,8-K,2026-05-06,0000070858-26-000273,https://www.sec.gov/Archives/edgar/data/70858/000007085826000273/bac-20260504.htm,sp100_dataset/BAC/8-K_2026-05-06.txt,cached
BAC,Bank of America,Financials,DEF 14A,2026-03-23,0001193125-26-118929,https://www.sec.gov/Archives/edgar/data/70858/000119312526118929/d43888ddef14a.htm,sp100_dataset/BAC/DEF14A_2026-03-23.txt,cached
BAC,Bank of America,Financials,10-K,2026-02-25,0000070858-26-000157,https://www.sec.gov/Archives/edgar/data/70858/000007085826000157/bac-20251231.htm,sp100_dataset/BAC/10-K_2026-02-25.txt,cached
BNY,Bank of New York Mellon,Financials,8-K,2026-07-15,0001390777-26-000071,https://www.sec.gov/Archives/edgar/data/1390777/000139077726000071/bk-20260715.htm,sp100_dataset/BNY/8-K_2026-07-15.txt,cached
BNY,Bank of New York Mellon,Financials,8-K,2026-06-24,0001193125-26-281160,https://www.sec.gov/Archives/edgar/data/1390777/000119312526281160/d137058d8k.htm,sp100_dataset/BNY/8-K_2026-06-24.txt,cached
BNY,Bank of New York Mellon,Financials,DEF 14A,2026-03-05,0001193125-26-092500,https://www.sec.gov/Archives/edgar/data/1390777/000119312526092500/d52987ddef14a.htm,sp100_dataset/BNY/DEF14A_2026-03-05.txt,cached
BNY,Bank of New York Mellon,Financials,10-K,2026-02-25,0001390777-26-000033,https://www.sec.gov/Archives/edgar/data/1390777/000139077726000033/bk-20251231.htm,sp100_dataset/BNY/10-K_2026-02-25.txt,cached
BKNG,Booking Holdings,Consumer Discretionary,8-K,2026-06-02,0001075531-26-000031,https://www.sec.gov/Archives/edgar/data/1075531/000107553126000031/bkng-20260602.htm,sp100_dataset/BKNG/8-K_2026-06-02.txt,cached
BKNG,Booking Holdings,Consumer Discretionary,8-K,2026-05-11,0001104659-26-058730,https://www.sec.gov/Archives/edgar/data/1075531/000110465926058730/tm2614215d1_8k.htm,sp100_dataset/BKNG/8-K_2026-05-11.txt,cached
BKNG,Booking Holdings,Consumer Discretionary,DEF 14A,2026-04-21,0001308179-26-000310,https://www.sec.gov/Archives/edgar/data/1075531/000130817926000310/bkng-20260420.htm,sp100_dataset/BKNG/DEF14A_2026-04-21.txt,cached
BKNG,Booking Holdings,Consumer Discretionary,10-K,2026-02-18,0001075531-26-000009,https://www.sec.gov/Archives/edgar/data/1075531/000107553126000009/bkng-20251231.htm,sp100_dataset/BKNG/10-K_2026-02-18.txt,cached
BLK,BlackRock,Financials,8-K,2026-07-15,0001193125-26-304013,https://www.sec.gov/Archives/edgar/data/2012383/000119312526304013/blk-20260715.htm,sp100_dataset/BLK/8-K_2026-07-15.txt,cached
BLK,BlackRock,Financials,8-K,2026-06-30,0001193125-26-290830,https://www.sec.gov/Archives/edgar/data/2012383/000119312526290830/d108689d8k.htm,sp100_dataset/BLK/8-K_2026-06-30.txt,cached
BLK,BlackRock,Financials,DEF 14A,2026-04-10,0001308179-26-000262,https://www.sec.gov/Archives/edgar/data/2012383/000130817926000262/ny-20260410.htm,sp100_dataset/BLK/DEF14A_2026-04-10.txt,cached
BLK,BlackRock,Financials,10-K,2026-02-25,0001193125-26-071966,https://www.sec.gov/Archives/edgar/data/2012383/000119312526071966/blk-20251231.htm,sp100_dataset/BLK/10-K_2026-02-25.txt,cached
BMY,Bristol Myers Squibb,Health Care,8-K,2026-05-08,0001140361-26-020036,https://www.sec.gov/Archives/edgar/data/14272/000114036126020036/ef20072750_8k.htm,sp100_dataset/BMY/8-K_2026-05-08.txt,cached
BMY,Bristol Myers Squibb,Health Care,8-K,2026-04-30,0000014272-26-000008,https://www.sec.gov/Archives/edgar/data/14272/000001427226000008/bmy-20260430.htm,sp100_dataset/BMY/8-K_2026-04-30.txt,cached
BMY,Bristol Myers Squibb,Health Care,DEF 14A,2026-03-25,0000014272-26-000006,https://www.sec.gov/Archives/edgar/data/14272/000001427226000006/bmy-20260325.htm,sp100_dataset/BMY/DEF14A_2026-03-25.txt,cached
BMY,Bristol Myers Squibb,Health Care,10-K,2026-02-11,0000014272-26-000004,https://www.sec.gov/Archives/edgar/data/14272/000001427226000004/bmy-20251231.htm,sp100_dataset/BMY/10-K_2026-02-11.txt,cached
BRK.B,Berkshire Hathaway (Class B),Financials,8-K,2026-05-07,0001193125-26-212148,https://www.sec.gov/Archives/edgar/data/1067983/000119312526212148/d74313d8k.htm,sp100_dataset/BRK.B/8-K_2026-05-07.txt,cached
BRK.B,Berkshire Hathaway (Class B),Financials,8-K,2026-04-16,0001193125-26-159326,https://www.sec.gov/Archives/edgar/data/1067983/000119312526159326/d903301d8k.htm,sp100_dataset/BRK.B/8-K_2026-04-16.txt,cached
BRK.B,Berkshire Hathaway (Class B),Financials,DEF 14A,2026-03-13,0001193125-26-106253,https://www.sec.gov/Archives/edgar/data/1067983/000119312526106253/d882687ddef14a.htm,sp100_dataset/BRK.B/DEF14A_2026-03-13.txt,cached
BRK.B,Berkshire Hathaway (Class B),Financials,10-K,2026-03-02,0001193125-26-083899,https://www.sec.gov/Archives/edgar/data/1067983/000119312526083899/brka-20251231.htm,sp100_dataset/BRK.B/10-K_2026-03-02.txt,cached
C,Citigroup,Financials,8-K,2026-07-14,0001104659-26-083383,https://www.sec.gov/Archives/edgar/data/831001/000110465926083383/c-20260714x8k.htm,sp100_dataset/C/8-K_2026-07-14.txt,cached
C,Citigroup,Financials,8-K,2026-05-21,0001104659-26-065155,https://www.sec.gov/Archives/edgar/data/831001/000110465926065155/c-20260520x8k.htm,sp100_dataset/C/8-K_2026-05-21.txt,cached
C,Citigroup,Financials,DEF 14A,2026-04-02,0001206774-26-000185,https://www.sec.gov/Archives/edgar/data/831001/000120677426000185/citi4583461-def14a.htm,sp100_dataset/C/DEF14A_2026-04-02.txt,cached
C,Citigroup,Financials,10-K,2026-02-20,0000831001-26-000011,https://www.sec.gov/Archives/edgar/data/831001/000083100126000011/c-20251231.htm,sp100_dataset/C/10-K_2026-02-20.txt,cached
CAT,Caterpillar Inc.,Industrials,8-K,2026-06-11,0001104659-26-072929,https://www.sec.gov/Archives/edgar/data/18230/000110465926072929/tm2617177d1_8k.htm,sp100_dataset/CAT/8-K_2026-06-11.txt,cached
CAT,Caterpillar Inc.,Industrials,DEF 14A,2026-04-30,0001308179-26-000358,https://www.sec.gov/Archives/edgar/data/18230/000130817926000358/cat014496-def14a.htm,sp100_dataset/CAT/DEF14A_2026-04-30.txt,cached
CAT,Caterpillar Inc.,Industrials,8-K,2026-04-30,0000018230-26-000017,https://www.sec.gov/Archives/edgar/data/18230/000001823026000017/cat-20260430.htm,sp100_dataset/CAT/8-K_2026-04-30.txt,cached
CAT,Caterpillar Inc.,Industrials,10-K,2026-02-13,0000018230-26-000008,https://www.sec.gov/Archives/edgar/data/18230/000001823026000008/cat-20251231.htm,sp100_dataset/CAT/10-K_2026-02-13.txt,cached
CL,Colgate-Palmolive,Consumer Staples,8-K,2026-05-13,0000021665-26-000025,https://www.sec.gov/Archives/edgar/data/21665/000002166526000025/cl-20260508.htm,sp100_dataset/CL/8-K_2026-05-13.txt,cached
CL,Colgate-Palmolive,Consumer Staples,8-K,2026-05-01,0000021665-26-000022,https://www.sec.gov/Archives/edgar/data/21665/000002166526000022/cl-20260430.htm,sp100_dataset/CL/8-K_2026-05-01.txt,cached
CL,Colgate-Palmolive,Consumer Staples,DEF 14A,2026-03-25,0001308179-26-000136,https://www.sec.gov/Archives/edgar/data/21665/000130817926000136/cl015164-def14a.htm,sp100_dataset/CL/DEF14A_2026-03-25.txt,cached
CL,Colgate-Palmolive,Consumer Staples,10-K,2026-02-23,0000021665-26-000006,https://www.sec.gov/Archives/edgar/data/21665/000002166526000006/cl-20251231.htm,sp100_dataset/CL/10-K_2026-02-23.txt,cached
CMCSA,Comcast,Communication Services,8-K,2026-06-29,0000950103-26-009591,https://www.sec.gov/Archives/edgar/data/1166691/000095010326009591/dp249094_8k.htm,sp100_dataset/CMCSA/8-K_2026-06-29.txt,cached
CMCSA,Comcast,Communication Services,8-K,2026-06-12,0001628280-26-042848,https://www.sec.gov/Archives/edgar/data/1166691/000162828026042848/cmcsa-20260610.htm,sp100_dataset/CMCSA/8-K_2026-06-12.txt,cached
CMCSA,Comcast,Communication Services,DEF 14A,2026-04-24,0001193125-26-177138,https://www.sec.gov/Archives/edgar/data/1166691/000119312526177138/cmcsa-20260424.htm,sp100_dataset/CMCSA/DEF14A_2026-04-24.txt,cached
CMCSA,Comcast,Communication Services,10-K,2026-02-03,0001628280-26-004994,https://www.sec.gov/Archives/edgar/data/1166691/000162828026004994/cmcsa-20251231.htm,sp100_dataset/CMCSA/10-K_2026-02-03.txt,cached
COF,Capital One,Financials,8-K,2026-06-15,0000927628-26-000066,https://www.sec.gov/Archives/edgar/data/927628/000092762826000066/cof-20260612.htm,sp100_dataset/COF/8-K_2026-06-15.txt,cached
COF,Capital One,Financials,8-K,2026-06-09,0001193125-26-263735,https://www.sec.gov/Archives/edgar/data/927628/000119312526263735/d94250d8k.htm,sp100_dataset/COF/8-K_2026-06-09.txt,cached
COF,Capital One,Financials,DEF 14A,2026-03-25,0001193125-26-124131,https://www.sec.gov/Archives/edgar/data/927628/000119312526124131/d701179ddef14a.htm,sp100_dataset/COF/DEF14A_2026-03-25.txt,cached
COF,Capital One,Financials,10-K,2026-02-19,0000927628-26-000024,https://www.sec.gov/Archives/edgar/data/927628/000092762826000024/cof-20251231.htm,sp100_dataset/COF/10-K_2026-02-19.txt,cached
COP,ConocoPhillips,Energy,8-K,2026-06-23,0001104659-26-076836,https://www.sec.gov/Archives/edgar/data/1163165/000110465926076836/tm2618585d1_8k.htm,sp100_dataset/COP/8-K_2026-06-23.txt,cached
COP,ConocoPhillips,Energy,8-K,2026-05-14,0001104659-26-061130,https://www.sec.gov/Archives/edgar/data/1163165/000110465926061130/tm2614551d1_8k.htm,sp100_dataset/COP/8-K_2026-05-14.txt,cached
COP,ConocoPhillips,Energy,DEF 14A,2026-03-30,0001104659-26-036366,https://www.sec.gov/Archives/edgar/data/1163165/000110465926036366/tm2523177-3_def14a.htm,sp100_dataset/COP/DEF14A_2026-03-30.txt,cached
COP,ConocoPhillips,Energy,10-K,2026-02-17,0001163165-26-000009,https://www.sec.gov/Archives/edgar/data/1163165/000116316526000009/cop-20251231.htm,sp100_dataset/COP/10-K_2026-02-17.txt,cached
COST,Costco,Consumer Staples,8-K,2026-07-08,0000909832-26-000060,https://www.sec.gov/Archives/edgar/data/909832/000090983226000060/cost-20260707.htm,sp100_dataset/COST/8-K_2026-07-08.txt,cached
COST,Costco,Consumer Staples,8-K,2026-05-28,0000909832-26-000046,https://www.sec.gov/Archives/edgar/data/909832/000090983226000046/cost-20260528.htm,sp100_dataset/COST/8-K_2026-05-28.txt,cached
COST,Costco,Consumer Staples,DEF 14A,2025-12-04,0000909832-25-000159,https://www.sec.gov/Archives/edgar/data/909832/000090983225000159/cost-20251204.htm,sp100_dataset/COST/DEF14A_2025-12-04.txt,cached
COST,Costco,Consumer Staples,10-K,2025-10-08,0000909832-25-000101,https://www.sec.gov/Archives/edgar/data/909832/000090983225000101/cost-20250831.htm,sp100_dataset/COST/10-K_2025-10-08.txt,cached
CRM,Salesforce,Information Technology,8-K,2026-06-02,0001108524-26-000138,https://www.sec.gov/Archives/edgar/data/1108524/000110852426000138/crm-20260527.htm,sp100_dataset/CRM/8-K_2026-06-02.txt,cached
CRM,Salesforce,Information Technology,8-K,2026-06-01,0001108524-26-000131,https://www.sec.gov/Archives/edgar/data/1108524/000110852426000131/crm-20260528.htm,sp100_dataset/CRM/8-K_2026-06-01.txt,cached
CRM,Salesforce,Information Technology,DEF 14A,2026-04-16,0001108524-26-000085,https://www.sec.gov/Archives/edgar/data/1108524/000110852426000085/crm-20260416.htm,sp100_dataset/CRM/DEF14A_2026-04-16.txt,cached
CRM,Salesforce,Information Technology,10-K,2026-03-02,0001108524-26-000060,https://www.sec.gov/Archives/edgar/data/1108524/000110852426000060/crm-20260131.htm,sp100_dataset/CRM/10-K_2026-03-02.txt,cached
CSCO,Cisco,Information Technology,8-K,2026-05-13,0000858877-26-000075,https://www.sec.gov/Archives/edgar/data/858877/000085887726000075/csco-20260513.htm,sp100_dataset/CSCO/8-K_2026-05-13.txt,cached
CSCO,Cisco,Information Technology,8-K,2026-05-01,0000858877-26-000057,https://www.sec.gov/Archives/edgar/data/858877/000085887726000057/csco-20260427.htm,sp100_dataset/CSCO/8-K_2026-05-01.txt,cached
CSCO,Cisco,Information Technology,DEF 14A,2025-10-28,0000858877-25-000150,https://www.sec.gov/Archives/edgar/data/858877/000085887725000150/csco-20251027.htm,sp100_dataset/CSCO/DEF14A_2025-10-28.txt,cached
CSCO,Cisco,Information Technology,10-K,2025-09-03,0000858877-25-000111,https://www.sec.gov/Archives/edgar/data/858877/000085887725000111/csco-20250726.htm,sp100_dataset/CSCO/10-K_2025-09-03.txt,cached
CVS,CVS Health,Health Care,8-K,2026-05-18,0000064803-26-000082,https://www.sec.gov/Archives/edgar/data/64803/000006480326000082/cvs-20260514.htm,sp100_dataset/CVS/8-K_2026-05-18.txt,cached
CVS,CVS Health,Health Care,8-K,2026-05-06,0000064803-26-000051,https://www.sec.gov/Archives/edgar/data/64803/000006480326000051/cvs-20260506.htm,sp100_dataset/CVS/8-K_2026-05-06.txt,cached
CVS,CVS Health,Health Care,DEF 14A,2026-04-03,0001308179-26-000201,https://www.sec.gov/Archives/edgar/data/64803/000130817926000201/cvs014969-def14a.htm,sp100_dataset/CVS/DEF14A_2026-04-03.txt,cached
CVS,CVS Health,Health Care,10-K,2026-02-10,0000064803-26-000010,https://www.sec.gov/Archives/edgar/data/64803/000006480326000010/cvs-20251231.htm,sp100_dataset/CVS/10-K_2026-02-10.txt,cached
CVX,Chevron Corporation,Energy,8-K,2026-05-29,0000093410-26-000125,https://www.sec.gov/Archives/edgar/data/93410/000009341026000125/cvx-20260527.htm,sp100_dataset/CVX/8-K_2026-05-29.txt,ok
CVX,Chevron Corporation,Energy,8-K,2026-05-29,0000093410-26-000123,https://www.sec.gov/Archives/edgar/data/93410/000009341026000123/cvx-20260527.htm,sp100_dataset/CVX/8-K_2026-05-29_2.txt,ok
CVX,Chevron Corporation,Energy,DEF 14A,2026-04-07,0001193125-26-145617,https://www.sec.gov/Archives/edgar/data/93410/000119312526145617/d77994ddef14a.htm,sp100_dataset/CVX/DEF14A_2026-04-07.txt,cached
CVX,Chevron Corporation,Energy,10-K,2026-02-24,0000093410-26-000078,https://www.sec.gov/Archives/edgar/data/93410/000009341026000078/cvx-20251231.htm,sp100_dataset/CVX/10-K_2026-02-24.txt,cached
DE,Deere & Company,Industrials,8-K,2026-07-15,0001104659-26-083910,https://www.sec.gov/Archives/edgar/data/315189/000110465926083910/de-20260710x8k.htm,sp100_dataset/DE/8-K_2026-07-15.txt,ok
DE,Deere & Company,Industrials,8-K,2026-06-01,0001104659-26-068930,https://www.sec.gov/Archives/edgar/data/315189/000110465926068930/de-20260526x8k.htm,sp100_dataset/DE/8-K_2026-06-01.txt,cached
DE,Deere & Company,Industrials,DEF 14A,2026-01-14,0001104659-26-003618,https://www.sec.gov/Archives/edgar/data/315189/000110465926003618/de-20260225xdef14a.htm,sp100_dataset/DE/DEF14A_2026-01-14.txt,cached
DE,Deere & Company,Industrials,10-K,2025-12-18,0001104659-25-122321,https://www.sec.gov/Archives/edgar/data/315189/000110465925122321/de-20251102x10k.htm,sp100_dataset/DE/10-K_2025-12-18.txt,cached
DHR,Danaher Corporation,Health Care,8-K,2026-06-03,0001193125-26-255555,https://www.sec.gov/Archives/edgar/data/313616/000119312526255555/d63873d8k.htm,sp100_dataset/DHR/8-K_2026-06-03.txt,cached
DHR,Danaher Corporation,Health Care,8-K,2026-05-07,0000313616-26-000127,https://www.sec.gov/Archives/edgar/data/313616/000031361626000127/dhr-20260505.htm,sp100_dataset/DHR/8-K_2026-05-07.txt,cached
DHR,Danaher Corporation,Health Care,DEF 14A,2026-03-25,0000313616-26-000101,https://www.sec.gov/Archives/edgar/data/313616/000031361626000101/dhr-20260325.htm,sp100_dataset/DHR/DEF14A_2026-03-25.txt,cached
DHR,Danaher Corporation,Health Care,10-K,2026-02-24,0000313616-26-000062,https://www.sec.gov/Archives/edgar/data/313616/000031361626000062/dhr-20251231.htm,sp100_dataset/DHR/10-K_2026-02-24.txt,cached
DIS,Walt Disney Company (The),Communication Services,8-K,2026-05-06,0001744489-26-000036,https://www.sec.gov/Archives/edgar/data/1744489/000174448926000036/dis-20260506.htm,sp100_dataset/DIS/8-K_2026-05-06.txt,cached
DIS,Walt Disney Company (The),Communication Services,8-K,2026-03-20,0001628280-26-020172,https://www.sec.gov/Archives/edgar/data/1744489/000162828026020172/dis-20260318.htm,sp100_dataset/DIS/8-K_2026-03-20.txt,cached
DIS,Walt Disney Company (The),Communication Services,DEF 14A,2026-01-22,0001744489-26-000013,https://www.sec.gov/Archives/edgar/data/1744489/000174448926000013/dis-20260122.htm,sp100_dataset/DIS/DEF14A_2026-01-22.txt,cached
DIS,Walt Disney Company (The),Communication Services,10-K,2025-11-13,0001744489-25-000155,https://www.sec.gov/Archives/edgar/data/1744489/000174448925000155/dis-20250927.htm,sp100_dataset/DIS/10-K_2025-11-13.txt,cached
DUK,Duke Energy,Utilities,8-K,2026-07-06,0001104659-26-080476,https://www.sec.gov/Archives/edgar/data/1326160/000110465926080476/tm2619723d1_8k.htm,sp100_dataset/DUK/8-K_2026-07-06.txt,cached
DUK,Duke Energy,Utilities,8-K,2026-05-13,0001104659-26-060251,https://www.sec.gov/Archives/edgar/data/1326160/000110465926060251/tm2614506d1_8k.htm,sp100_dataset/DUK/8-K_2026-05-13.txt,cached
DUK,Duke Energy,Utilities,DEF 14A,2026-03-20,0001104659-26-032443,https://www.sec.gov/Archives/edgar/data/1326160/000110465926032443/tm261356-4_def14a.htm,sp100_dataset/DUK/DEF14A_2026-03-20.txt,cached
DUK,Duke Energy,Utilities,10-K,2026-02-26,0001326160-26-000014,https://www.sec.gov/Archives/edgar/data/1326160/000132616026000014/duk-20251231.htm,sp100_dataset/DUK/10-K_2026-02-26.txt,cached
EMR,Emerson Electric,Industrials,8-K,2026-05-05,0000032604-26-000034,https://www.sec.gov/Archives/edgar/data/32604/000003260426000034/emr-20260505.htm,sp100_dataset/EMR/8-K_2026-05-05.txt,cached
EMR,Emerson Electric,Industrials,8-K,2026-02-13,0000032604-26-000022,https://www.sec.gov/Archives/edgar/data/32604/000003260426000022/emr-20260210.htm,sp100_dataset/EMR/8-K_2026-02-13.txt,cached
EMR,Emerson Electric,Industrials,DEF 14A,2025-12-12,0000032604-25-000103,https://www.sec.gov/Archives/edgar/data/32604/000003260425000103/emr-20251212.htm,sp100_dataset/EMR/DEF14A_2025-12-12.txt,cached
EMR,Emerson Electric,Industrials,10-K,2025-11-10,0000032604-25-000087,https://www.sec.gov/Archives/edgar/data/32604/000003260425000087/emr-20250930.htm,sp100_dataset/EMR/10-K_2025-11-10.txt,cached
FDX,FedEx,Industrials,8-K,2026-07-10,0001104659-26-082672,https://www.sec.gov/Archives/edgar/data/1048911/000110465926082672/tm2620197d1_8k.htm,sp100_dataset/FDX/8-K_2026-07-10.txt,cached
FDX,FedEx,Industrials,8-K,2026-06-25,0001104659-26-077558,https://www.sec.gov/Archives/edgar/data/1048911/000110465926077558/tm2618879d1_8k.htm,sp100_dataset/FDX/8-K_2026-06-25.txt,cached
FDX,FedEx,Industrials,DEF 14A,2025-08-18,0001104659-25-079800,https://www.sec.gov/Archives/edgar/data/1048911/000110465925079800/tm2512613-2_def14a.htm,sp100_dataset/FDX/DEF14A_2025-08-18.txt,cached
FDX,FedEx,Industrials,10-K,2025-07-21,0001048911-25-000011,https://www.sec.gov/Archives/edgar/data/1048911/000104891125000011/fdx-20250531.htm,sp100_dataset/FDX/10-K_2025-07-21.txt,cached
GD,General Dynamics,Industrials,8-K,2026-05-11,0000040533-26-000014,https://www.sec.gov/Archives/edgar/data/40533/000004053326000014/gd-20260511.htm,sp100_dataset/GD/8-K_2026-05-11.txt,cached
GD,General Dynamics,Industrials,8-K,2026-04-29,0000040533-26-000010,https://www.sec.gov/Archives/edgar/data/40533/000004053326000010/gd-20260429.htm,sp100_dataset/GD/8-K_2026-04-29.txt,cached
GD,General Dynamics,Industrials,DEF 14A,2026-03-27,0001308179-26-000168,https://www.sec.gov/Archives/edgar/data/40533/000130817926000168/gd014595-def14a.htm,sp100_dataset/GD/DEF14A_2026-03-27.txt,cached
GD,General Dynamics,Industrials,10-K,2026-01-30,0000040533-26-000006,https://www.sec.gov/Archives/edgar/data/40533/000004053326000006/gd-20251231.htm,sp100_dataset/GD/10-K_2026-01-30.txt,cached
GE,GE Aerospace,Industrials,8-K,2026-06-25,0000040545-26-000042,https://www.sec.gov/Archives/edgar/data/40545/000004054526000042/ge-20260625.htm,sp100_dataset/GE/8-K_2026-06-25.txt,cached
GE,GE Aerospace,Industrials,8-K,2026-06-11,0000040545-26-000039,https://www.sec.gov/Archives/edgar/data/40545/000004054526000039/ge-20260608.htm,sp100_dataset/GE/8-K_2026-06-11.txt,cached
GE,GE Aerospace,Industrials,DEF 14A,2026-03-12,0000040545-26-000018,https://www.sec.gov/Archives/edgar/data/40545/000004054526000018/ge-20260312.htm,sp100_dataset/GE/DEF14A_2026-03-12.txt,cached
GE,GE Aerospace,Industrials,10-K,2026-01-29,0000040545-26-000008,https://www.sec.gov/Archives/edgar/data/40545/000004054526000008/ge-20251231.htm,sp100_dataset/GE/10-K_2026-01-29.txt,cached
GILD,Gilead Sciences,Health Care,8-K,2026-05-20,0001104659-26-064518,https://www.sec.gov/Archives/edgar/data/882095/000110465926064518/tm2615045d1_8k.htm,sp100_dataset/GILD/8-K_2026-05-20.txt,cached
GILD,Gilead Sciences,Health Care,8-K,2026-05-07,0000882095-26-000022,https://www.sec.gov/Archives/edgar/data/882095/000088209526000022/gild-20260507.htm,sp100_dataset/GILD/8-K_2026-05-07.txt,cached
GILD,Gilead Sciences,Health Care,DEF 14A,2026-03-20,0001308179-26-000106,https://www.sec.gov/Archives/edgar/data/882095/000130817926000106/gild014721-def14a.htm,sp100_dataset/GILD/DEF14A_2026-03-20.txt,cached
GILD,Gilead Sciences,Health Care,10-K,2026-02-24,0000882095-26-000006,https://www.sec.gov/Archives/edgar/data/882095/000088209526000006/gild-20251231.htm,sp100_dataset/GILD/10-K_2026-02-24.txt,cached
GM,General Motors,Consumer Discretionary,8-K,2026-06-04,0001467858-26-000044,https://www.sec.gov/Archives/edgar/data/1467858/000146785826000044/gm-20260602.htm,sp100_dataset/GM/8-K_2026-06-04.txt,cached
GM,General Motors,Consumer Discretionary,8-K,2026-05-26,0001193125-26-239340,https://www.sec.gov/Archives/edgar/data/1467858/000119312526239340/d110158d8k.htm,sp100_dataset/GM/8-K_2026-05-26.txt,cached
GM,General Motors,Consumer Discretionary,DEF 14A,2026-04-20,0001467858-26-000022,https://www.sec.gov/Archives/edgar/data/1467858/000146785826000022/gm-20260420.htm,sp100_dataset/GM/DEF14A_2026-04-20.txt,cached
GM,General Motors,Consumer Discretionary,10-K,2026-01-27,0001467858-26-000013,https://www.sec.gov/Archives/edgar/data/1467858/000146785826000013/gm-20251231.htm,sp100_dataset/GM/10-K_2026-01-27.txt,cached
GOOGL,Alphabet Inc. (Class A),Communication Services,8-K,2026-06-11,0001193125-26-267578,https://www.sec.gov/Archives/edgar/data/1652044/000119312526267578/d57679d8k.htm,sp100_dataset/GOOGL/8-K_2026-06-11.txt,cached
GOOGL,Alphabet Inc. (Class A),Communication Services,8-K,2026-06-05,0001193125-26-259830,https://www.sec.gov/Archives/edgar/data/1652044/000119312526259830/d36818d8k.htm,sp100_dataset/GOOGL/8-K_2026-06-05.txt,cached
GOOGL,Alphabet Inc. (Class A),Communication Services,DEF 14A,2026-04-24,0001308179-26-000342,https://www.sec.gov/Archives/edgar/data/1652044/000130817926000342/goog-20260424.htm,sp100_dataset/GOOGL/DEF14A_2026-04-24.txt,cached
GOOGL,Alphabet Inc. (Class A),Communication Services,10-K,2026-02-05,0001652044-26-000018,https://www.sec.gov/Archives/edgar/data/1652044/000165204426000018/goog-20251231.htm,sp100_dataset/GOOGL/10-K_2026-02-05.txt,cached
GS,Goldman Sachs,Financials,8-K,2026-07-14,0000886982-26-000294,https://www.sec.gov/Archives/edgar/data/886982/000088698226000294/gs-20260714.htm,sp100_dataset/GS/8-K_2026-07-14.txt,cached
GS,Goldman Sachs,Financials,8-K,2026-06-24,0001193125-26-281123,https://www.sec.gov/Archives/edgar/data/886982/000119312526281123/d103941d8k.htm,sp100_dataset/GS/8-K_2026-06-24.txt,cached
GS,Goldman Sachs,Financials,DEF 14A,2026-03-20,0001193125-26-117433,https://www.sec.gov/Archives/edgar/data/886982/000119312526117433/gs-20260319.htm,sp100_dataset/GS/DEF14A_2026-03-20.txt,cached
GS,Goldman Sachs,Financials,10-K,2026-02-25,0000886982-26-000091,https://www.sec.gov/Archives/edgar/data/886982/000088698226000091/gs-20251231.htm,sp100_dataset/GS/10-K_2026-02-25.txt,cached
HD,Home Depot,Consumer Discretionary,8-K,2026-05-26,0000354950-26-000105,https://www.sec.gov/Archives/edgar/data/354950/000035495026000105/hd-20260521.htm,sp100_dataset/HD/8-K_2026-05-26.txt,cached
HD,Home Depot,Consumer Discretionary,8-K,2026-05-19,0000354950-26-000101,https://www.sec.gov/Archives/edgar/data/354950/000035495026000101/hd-20260519.htm,sp100_dataset/HD/8-K_2026-05-19.txt,cached
HD,Home Depot,Consumer Discretionary,DEF 14A,2026-04-07,0000354950-26-000090,https://www.sec.gov/Archives/edgar/data/354950/000035495026000090/hd-20260406.htm,sp100_dataset/HD/DEF14A_2026-04-07.txt,cached
HD,Home Depot,Consumer Discretionary,10-K,2026-03-18,0001628280-26-019436,https://www.sec.gov/Archives/edgar/data/354950/000162828026019436/hd-20260201.htm,sp100_dataset/HD/10-K_2026-03-18.txt,cached
HON,Honeywell,Industrials,8-K,2026-06-29,0000773840-26-000084,https://www.sec.gov/Archives/edgar/data/773840/000077384026000084/hon-20260625.htm,sp100_dataset/HON/8-K_2026-06-29.txt,cached
HON,Honeywell,Industrials,8-K,2026-06-15,0000773840-26-000080,https://www.sec.gov/Archives/edgar/data/773840/000077384026000080/hon-20260615.htm,sp100_dataset/HON/8-K_2026-06-15.txt,cached
HON,Honeywell,Industrials,DEF 14A,2026-04-10,0000773840-26-000029,https://www.sec.gov/Archives/edgar/data/773840/000077384026000029/hon-20260409.htm,sp100_dataset/HON/DEF14A_2026-04-10.txt,cached
HON,Honeywell,Industrials,10-K,2026-02-17,0000773840-26-000013,https://www.sec.gov/Archives/edgar/data/773840/000077384026000013/hon-20251231.htm,sp100_dataset/HON/10-K_2026-02-17.txt,cached
IBM,IBM,Information Technology,8-K,2026-07-14,0000051143-26-000070,https://www.sec.gov/Archives/edgar/data/51143/000005114326000070/ibm-20260714.htm,sp100_dataset/IBM/8-K_2026-07-14.txt,cached
IBM,IBM,Information Technology,8-K,2026-06-23,0000051143-26-000061,https://www.sec.gov/Archives/edgar/data/51143/000005114326000061/ibm-20260622.htm,sp100_dataset/IBM/8-K_2026-06-23.txt,cached
IBM,IBM,Information Technology,DEF 14A,2026-03-10,0000051143-26-000025,https://www.sec.gov/Archives/edgar/data/51143/000005114326000025/ibm-20260306.htm,sp100_dataset/IBM/DEF14A_2026-03-10.txt,cached
IBM,IBM,Information Technology,10-K,2026-02-24,0000051143-26-000010,https://www.sec.gov/Archives/edgar/data/51143/000005114326000010/ibm-20251231.htm,sp100_dataset/IBM/10-K_2026-02-24.txt,cached
INTC,Intel,Information Technology,8-K,2026-05-15,0000050863-26-000118,https://www.sec.gov/Archives/edgar/data/50863/000005086326000118/intc-20260513.htm,sp100_dataset/INTC/8-K_2026-05-15.txt,cached
INTC,Intel,Information Technology,8-K,2026-04-30,0001193125-26-197845,https://www.sec.gov/Archives/edgar/data/50863/000119312526197845/d143782d8k.htm,sp100_dataset/INTC/8-K_2026-04-30.txt,cached
INTC,Intel,Information Technology,DEF 14A,2026-03-23,0000050863-26-000061,https://www.sec.gov/Archives/edgar/data/50863/000005086326000061/proxy2026.htm,sp100_dataset/INTC/DEF14A_2026-03-23.txt,cached
INTC,Intel,Information Technology,10-K,2026-01-23,0000050863-26-000011,https://www.sec.gov/Archives/edgar/data/50863/000005086326000011/intc-20251227.htm,sp100_dataset/INTC/10-K_2026-01-23.txt,cached
INTU,Intuit,Information Technology,8-K,2026-06-11,0001193125-26-267866,https://www.sec.gov/Archives/edgar/data/896878/000119312526267866/d159651d8k.htm,sp100_dataset/INTU/8-K_2026-06-11.txt,cached
INTU,Intuit,Information Technology,8-K,2026-05-20,0000896878-26-000024,https://www.sec.gov/Archives/edgar/data/896878/000089687826000024/intu-20260520.htm,sp100_dataset/INTU/8-K_2026-05-20.txt,cached
INTU,Intuit,Information Technology,DEF 14A,2025-11-26,0000896878-25-000057,https://www.sec.gov/Archives/edgar/data/896878/000089687825000057/intu-20251126.htm,sp100_dataset/INTU/DEF14A_2025-11-26.txt,cached
INTU,Intuit,Information Technology,10-K,2025-09-03,0000896878-25-000035,https://www.sec.gov/Archives/edgar/data/896878/000089687825000035/intu-20250731.htm,sp100_dataset/INTU/10-K_2025-09-03.txt,cached
ISRG,Intuitive Surgical,Health Care,8-K,2026-05-28,0001035267-26-000042,https://www.sec.gov/Archives/edgar/data/1035267/000103526726000042/isrg-20260528.htm,sp100_dataset/ISRG/8-K_2026-05-28.txt,cached
ISRG,Intuitive Surgical,Health Care,8-K,2026-05-04,0001035267-26-000035,https://www.sec.gov/Archives/edgar/data/1035267/000103526726000035/isrg-20260430.htm,sp100_dataset/ISRG/8-K_2026-05-04.txt,cached
ISRG,Intuitive Surgical,Health Care,DEF 14A,2026-03-13,0001035267-26-000023,https://www.sec.gov/Archives/edgar/data/1035267/000103526726000023/isrg-20260313.htm,sp100_dataset/ISRG/DEF14A_2026-03-13.txt,cached
ISRG,Intuitive Surgical,Health Care,10-K,2026-02-03,0001035267-26-000010,https://www.sec.gov/Archives/edgar/data/1035267/000103526726000010/isrg-20251231.htm,sp100_dataset/ISRG/10-K_2026-02-03.txt,cached
JNJ,Johnson & Johnson,Health Care,8-K,2026-07-15,0000200406-26-000146,https://www.sec.gov/Archives/edgar/data/200406/000020040626000146/jnj-20260715.htm,sp100_dataset/JNJ/8-K_2026-07-15.txt,cached
JNJ,Johnson & Johnson,Health Care,8-K,2026-04-28,0000200406-26-000089,https://www.sec.gov/Archives/edgar/data/200406/000020040626000089/jnj-20260423.htm,sp100_dataset/JNJ/8-K_2026-04-28.txt,cached
JNJ,Johnson & Johnson,Health Care,DEF 14A,2026-03-11,0000200406-26-000063,https://www.sec.gov/Archives/edgar/data/200406/000020040626000063/jnj-20260309.htm,sp100_dataset/JNJ/DEF14A_2026-03-11.txt,cached
JNJ,Johnson & Johnson,Health Care,10-K,2026-02-11,0000200406-26-000016,https://www.sec.gov/Archives/edgar/data/200406/000020040626000016/jnj-20251228.htm,sp100_dataset/JNJ/10-K_2026-02-11.txt,cached
JPM,JPMorgan Chase,Financials,8-K,2026-07-14,0001628280-26-048086,https://www.sec.gov/Archives/edgar/data/19617/000162828026048086/jpm-20260714.htm,sp100_dataset/JPM/8-K_2026-07-14.txt,ok
JPM,JPMorgan Chase,Financials,8-K,2026-07-14,0001628280-26-048078,https://www.sec.gov/Archives/edgar/data/19617/000162828026048078/jpm-20260714.htm,sp100_dataset/JPM/8-K_2026-07-14_2.txt,ok
JPM,JPMorgan Chase,Financials,DEF 14A,2026-04-06,0000019617-26-000096,https://www.sec.gov/Archives/edgar/data/19617/000001961726000096/jpm-20260402.htm,sp100_dataset/JPM/DEF14A_2026-04-06.txt,cached
JPM,JPMorgan Chase,Financials,10-K,2026-02-13,0001628280-26-008131,https://www.sec.gov/Archives/edgar/data/19617/000162828026008131/jpm-20251231.htm,sp100_dataset/JPM/10-K_2026-02-13.txt,cached
KO,Coca-Cola Company (The),Consumer Staples,8-K,2026-06-25,0001552781-26-000366,https://www.sec.gov/Archives/edgar/data/21344/000155278126000366/e26287_ko-8k.htm,sp100_dataset/KO/8-K_2026-06-25.txt,cached
KO,Coca-Cola Company (The),Consumer Staples,8-K,2026-05-01,0001628280-26-029230,https://www.sec.gov/Archives/edgar/data/21344/000162828026029230/ko-20260429.htm,sp100_dataset/KO/8-K_2026-05-01.txt,cached
KO,Coca-Cola Company (The),Consumer Staples,DEF 14A,2026-03-16,0001104659-26-028215,https://www.sec.gov/Archives/edgar/data/21344/000110465926028215/ko-20260429xdef14a.htm,sp100_dataset/KO/DEF14A_2026-03-16.txt,cached
KO,Coca-Cola Company (The),Consumer Staples,10-K,2026-02-20,0001628280-26-010047,https://www.sec.gov/Archives/edgar/data/21344/000162828026010047/ko-20251231.htm,sp100_dataset/KO/10-K_2026-02-20.txt,cached
LIN,Linde plc,Materials,8-K,2026-05-13,0001193125-26-221558,https://www.sec.gov/Archives/edgar/data/1707925/000119312526221558/d108557d8k.htm,sp100_dataset/LIN/8-K_2026-05-13.txt,cached
LIN,Linde plc,Materials,8-K,2026-05-01,0001654954-26-004202,https://www.sec.gov/Archives/edgar/data/1707925/000165495426004202/lin_8k.htm,sp100_dataset/LIN/8-K_2026-05-01.txt,cached
LIN,Linde plc,Materials,DEF 14A,2026-04-29,0001193125-26-192209,https://www.sec.gov/Archives/edgar/data/1707925/000119312526192209/lin-20260429.htm,sp100_dataset/LIN/DEF14A_2026-04-29.txt,cached
LIN,Linde plc,Materials,10-K,2026-02-25,0001628280-26-011430,https://www.sec.gov/Archives/edgar/data/1707925/000162828026011430/lin-20251231.htm,sp100_dataset/LIN/10-K_2026-02-25.txt,cached
LLY,Eli Lilly and Company,Health Care,8-K,2026-05-20,0001193125-26-232707,https://www.sec.gov/Archives/edgar/data/59478/000119312526232707/d148580d8k.htm,sp100_dataset/LLY/8-K_2026-05-20.txt,cached
LLY,Eli Lilly and Company,Health Care,8-K,2026-05-07,0000059478-26-000048,https://www.sec.gov/Archives/edgar/data/59478/000005947826000048/lly-20260504.htm,sp100_dataset/LLY/8-K_2026-05-07.txt,cached
LLY,Eli Lilly and Company,Health Care,DEF 14A,2026-03-20,0000059478-26-000029,https://www.sec.gov/Archives/edgar/data/59478/000005947826000029/lly-20260317.htm,sp100_dataset/LLY/DEF14A_2026-03-20.txt,cached
LLY,Eli Lilly and Company,Health Care,10-K,2026-02-12,0000059478-26-000013,https://www.sec.gov/Archives/edgar/data/59478/000005947826000013/lly-20251231.htm,sp100_dataset/LLY/10-K_2026-02-12.txt,cached
LMT,Lockheed Martin,Industrials,8-K,2026-05-13,0000936468-26-000011,https://www.sec.gov/Archives/edgar/data/936468/000093646826000011/lmt-20260512.htm,sp100_dataset/LMT/8-K_2026-05-13.txt,cached
LMT,Lockheed Martin,Industrials,8-K,2026-04-23,0001628280-26-026683,https://www.sec.gov/Archives/edgar/data/936468/000162828026026683/lmt-20260423.htm,sp100_dataset/LMT/8-K_2026-04-23.txt,cached
LMT,Lockheed Martin,Industrials,DEF 14A,2026-03-26,0000936468-26-000004,https://www.sec.gov/Archives/edgar/data/936468/000093646826000004/lmt-20260326.htm,sp100_dataset/LMT/DEF14A_2026-03-26.txt,cached
LMT,Lockheed Martin,Industrials,10-K,2026-01-29,0001628280-26-004195,https://www.sec.gov/Archives/edgar/data/936468/000162828026004195/lmt-20251231.htm,sp100_dataset/LMT/10-K_2026-01-29.txt,cached
LOW,Lowe's,Consumer Discretionary,8-K,2026-06-02,0000060667-26-000091,https://www.sec.gov/Archives/edgar/data/60667/000006066726000091/low-20260529.htm,sp100_dataset/LOW/8-K_2026-06-02.txt,cached
LOW,Lowe's,Consumer Discretionary,8-K,2026-05-20,0000060667-26-000062,https://www.sec.gov/Archives/edgar/data/60667/000006066726000062/low-20260520.htm,sp100_dataset/LOW/8-K_2026-05-20.txt,cached
LOW,Lowe's,Consumer Discretionary,DEF 14A,2026-04-16,0000060667-26-000056,https://www.sec.gov/Archives/edgar/data/60667/000006066726000056/low-20260415.htm,sp100_dataset/LOW/DEF14A_2026-04-16.txt,cached
LOW,Lowe's,Consumer Discretionary,10-K,2026-03-23,0000060667-26-000029,https://www.sec.gov/Archives/edgar/data/60667/000006066726000029/low-20260130.htm,sp100_dataset/LOW/10-K_2026-03-23.txt,cached
MA,Mastercard,Financials,8-K,2026-06-17,0001141391-26-000041,https://www.sec.gov/Archives/edgar/data/1141391/000114139126000041/ma-20260616.htm,sp100_dataset/MA/8-K_2026-06-17.txt,cached
MA,Mastercard,Financials,8-K,2026-06-08,0001193125-26-261669,https://www.sec.gov/Archives/edgar/data/1141391/000119312526261669/d128075d8k.htm,sp100_dataset/MA/8-K_2026-06-08.txt,cached
MA,Mastercard,Financials,DEF 14A,2026-04-27,0001141391-26-000021,https://www.sec.gov/Archives/edgar/data/1141391/000114139126000021/ma-20260427.htm,sp100_dataset/MA/DEF14A_2026-04-27.txt,cached
MA,Mastercard,Financials,10-K,2026-02-11,0001141391-26-000013,https://www.sec.gov/Archives/edgar/data/1141391/000114139126000013/ma-20251231.htm,sp100_dataset/MA/10-K_2026-02-11.txt,cached
MCD,McDonald's,Consumer Discretionary,8-K,2026-05-22,0000063908-26-000055,https://www.sec.gov/Archives/edgar/data/63908/000006390826000055/mcd-20260520.htm,sp100_dataset/MCD/8-K_2026-05-22.txt,cached
MCD,McDonald's,Consumer Discretionary,8-K,2026-05-07,0000063908-26-000048,https://www.sec.gov/Archives/edgar/data/63908/000006390826000048/mcd-20260507.htm,sp100_dataset/MCD/8-K_2026-05-07.txt,cached
MCD,McDonald's,Consumer Discretionary,DEF 14A,2026-04-07,0001193125-26-145548,https://www.sec.gov/Archives/edgar/data/63908/000119312526145548/mcd-20260407.htm,sp100_dataset/MCD/DEF14A_2026-04-07.txt,cached
MCD,McDonald's,Consumer Discretionary,10-K,2026-02-24,0000063908-26-000035,https://www.sec.gov/Archives/edgar/data/63908/000006390826000035/mcd-20251231.htm,sp100_dataset/MCD/10-K_2026-02-24.txt,cached
MDLZ,Mondelez International,Consumer Staples,8-K,2026-06-18,0001628280-26-044384,https://www.sec.gov/Archives/edgar/data/1103982/000162828026044384/mdlz-20260615.htm,sp100_dataset/MDLZ/8-K_2026-06-18.txt,cached
MDLZ,Mondelez International,Consumer Staples,8-K,2026-05-26,0001628280-26-038064,https://www.sec.gov/Archives/edgar/data/1103982/000162828026038064/mdlz-20260520.htm,sp100_dataset/MDLZ/8-K_2026-05-26.txt,cached
MDLZ,Mondelez International,Consumer Staples,DEF 14A,2026-04-03,0001628280-26-023640,https://www.sec.gov/Archives/edgar/data/1103982/000162828026023640/mdlz-20260403.htm,sp100_dataset/MDLZ/DEF14A_2026-04-03.txt,cached
MDLZ,Mondelez International,Consumer Staples,10-K,2026-02-04,0001628280-26-005345,https://www.sec.gov/Archives/edgar/data/1103982/000162828026005345/mdlz-20251231.htm,sp100_dataset/MDLZ/10-K_2026-02-04.txt,cached
MDT,Medtronic,Health Care,10-K,2026-06-18,0001628280-26-044354,https://www.sec.gov/Archives/edgar/data/1613103/000162828026044354/mdt-20260424.htm,sp100_dataset/MDT/10-K_2026-06-18.txt,cached
MDT,Medtronic,Health Care,8-K,2026-06-03,0001628280-26-040034,https://www.sec.gov/Archives/edgar/data/1613103/000162828026040034/mdt-20260603.htm,sp100_dataset/MDT/8-K_2026-06-03.txt,cached
MDT,Medtronic,Health Care,8-K,2026-05-18,0001628280-26-035959,https://www.sec.gov/Archives/edgar/data/1613103/000162828026035959/mdt-20260518.htm,sp100_dataset/MDT/8-K_2026-05-18.txt,cached
MDT,Medtronic,Health Care,DEF 14A,2025-08-25,0001613103-25-000151,https://www.sec.gov/Archives/edgar/data/1613103/000161310325000151/mdt-20250825.htm,sp100_dataset/MDT/DEF14A_2025-08-25.txt,cached
MET,MetLife,Financials,8-K,2026-06-29,0001099219-26-000045,https://www.sec.gov/Archives/edgar/data/1099219/000109921926000045/met-20260629.htm,sp100_dataset/MET/8-K_2026-06-29.txt,cached
MET,MetLife,Financials,8-K,2026-06-22,0001099219-26-000041,https://www.sec.gov/Archives/edgar/data/1099219/000109921926000041/met-20260616.htm,sp100_dataset/MET/8-K_2026-06-22.txt,cached
MET,MetLife,Financials,DEF 14A,2026-04-29,0001099219-26-000026,https://www.sec.gov/Archives/edgar/data/1099219/000109921926000026/met-20260429.htm,sp100_dataset/MET/DEF14A_2026-04-29.txt,cached
MET,MetLife,Financials,10-K,2026-02-19,0001099219-26-000013,https://www.sec.gov/Archives/edgar/data/1099219/000109921926000013/met-20251231.htm,sp100_dataset/MET/10-K_2026-02-19.txt,cached
META,Meta Platforms,Communication Services,8-K,2026-05-29,0001628280-26-039193,https://www.sec.gov/Archives/edgar/data/1326801/000162828026039193/meta-20260527.htm,sp100_dataset/META/8-K_2026-05-29.txt,cached
META,Meta Platforms,Communication Services,8-K,2026-05-04,0001193125-26-204128,https://www.sec.gov/Archives/edgar/data/1326801/000119312526204128/d134616d8k.htm,sp100_dataset/META/8-K_2026-05-04.txt,cached
META,Meta Platforms,Communication Services,DEF 14A,2026-04-16,0001628280-26-025532,https://www.sec.gov/Archives/edgar/data/1326801/000162828026025532/meta-20260416.htm,sp100_dataset/META/DEF14A_2026-04-16.txt,cached
META,Meta Platforms,Communication Services,10-K,2026-01-29,0001628280-26-003942,https://www.sec.gov/Archives/edgar/data/1326801/000162828026003942/meta-20251231.htm,sp100_dataset/META/10-K_2026-01-29.txt,cached
MMM,3M,Industrials,8-K,2026-06-08,0000066740-26-000229,https://www.sec.gov/Archives/edgar/data/66740/000006674026000229/mmm-20260605.htm,sp100_dataset/MMM/8-K_2026-06-08.txt,cached
MMM,3M,Industrials,8-K,2026-05-13,0000066740-26-000221,https://www.sec.gov/Archives/edgar/data/66740/000006674026000221/mmm-20260512.htm,sp100_dataset/MMM/8-K_2026-05-13.txt,cached
MMM,3M,Industrials,DEF 14A,2026-03-25,0000066740-26-000151,https://www.sec.gov/Archives/edgar/data/66740/000006674026000151/mmm-20260324.htm,sp100_dataset/MMM/DEF14A_2026-03-25.txt,cached
MMM,3M,Industrials,10-K,2026-02-03,0000066740-26-000014,https://www.sec.gov/Archives/edgar/data/66740/000006674026000014/mmm-20251231.htm,sp100_dataset/MMM/10-K_2026-02-03.txt,cached
MO,Altria,Consumer Staples,8-K,2026-05-18,0000764180-26-000073,https://www.sec.gov/Archives/edgar/data/764180/000076418026000073/mo-20260513.htm,sp100_dataset/MO/8-K_2026-05-18.txt,cached
MO,Altria,Consumer Staples,8-K,2026-04-30,0000764180-26-000056,https://www.sec.gov/Archives/edgar/data/764180/000076418026000056/mo-20260430.htm,sp100_dataset/MO/8-K_2026-04-30.txt,cached
MO,Altria,Consumer Staples,DEF 14A,2026-04-02,0001104659-26-038900,https://www.sec.gov/Archives/edgar/data/764180/000110465926038900/tmb-20260514xdef14a.htm,sp100_dataset/MO/DEF14A_2026-04-02.txt,cached
MO,Altria,Consumer Staples,10-K,2026-02-25,0000764180-26-000017,https://www.sec.gov/Archives/edgar/data/764180/000076418026000017/mo-20251231.htm,sp100_dataset/MO/10-K_2026-02-25.txt,cached
MRK,Merck & Co.,Health Care,8-K,2026-05-28,0001104659-26-067509,https://www.sec.gov/Archives/edgar/data/310158/000110465926067509/tm2615833d1_8k.htm,sp100_dataset/MRK/8-K_2026-05-28.txt,cached
MRK,Merck & Co.,Health Care,8-K,2026-05-22,0001628280-26-037738,https://www.sec.gov/Archives/edgar/data/310158/000162828026037738/mrk-20260522.htm,sp100_dataset/MRK/8-K_2026-05-22.txt,cached
MRK,Merck & Co.,Health Care,DEF 14A,2026-04-08,0001193125-26-147704,https://www.sec.gov/Archives/edgar/data/310158/000119312526147704/d85708ddef14a.htm,sp100_dataset/MRK/DEF14A_2026-04-08.txt,cached
MRK,Merck & Co.,Health Care,10-K,2026-02-24,0000310158-26-000063,https://www.sec.gov/Archives/edgar/data/310158/000031015826000063/mrk-20251231.htm,sp100_dataset/MRK/10-K_2026-02-24.txt,cached
MS,Morgan Stanley,Financials,8-K,2026-07-15,0000895421-26-000207,https://www.sec.gov/Archives/edgar/data/895421/000089542126000207/ms-20260715.htm,sp100_dataset/MS/8-K_2026-07-15.txt,cached
MS,Morgan Stanley,Financials,8-K,2026-06-24,0000950103-26-009448,https://www.sec.gov/Archives/edgar/data/895421/000095010326009448/dp248866_8k.htm,sp100_dataset/MS/8-K_2026-06-24.txt,cached
MS,Morgan Stanley,Financials,DEF 14A,2026-04-02,0001140361-26-012975,https://www.sec.gov/Archives/edgar/data/895421/000114036126012975/ny20058185x1_def14a.htm,sp100_dataset/MS/DEF14A_2026-04-02.txt,cached
MS,Morgan Stanley,Financials,10-K,2026-02-19,0000895421-26-000086,https://www.sec.gov/Archives/edgar/data/895421/000089542126000086/ms-20251231.htm,sp100_dataset/MS/10-K_2026-02-19.txt,cached
MSFT,Microsoft,Information Technology,8-K,2026-06-05,0001193125-26-258667,https://www.sec.gov/Archives/edgar/data/789019/000119312526258667/d26760d8k.htm,sp100_dataset/MSFT/8-K_2026-06-05.txt,cached
MSFT,Microsoft,Information Technology,8-K,2026-05-14,0001193125-26-224155,https://www.sec.gov/Archives/edgar/data/789019/000119312526224155/d125909d8k.htm,sp100_dataset/MSFT/8-K_2026-05-14.txt,cached
MSFT,Microsoft,Information Technology,DEF 14A,2025-10-21,0001193125-25-245150,https://www.sec.gov/Archives/edgar/data/789019/000119312525245150/d908201ddef14a.htm,sp100_dataset/MSFT/DEF14A_2025-10-21.txt,cached
MSFT,Microsoft,Information Technology,10-K,2025-07-30,0000950170-25-100235,https://www.sec.gov/Archives/edgar/data/789019/000095017025100235/msft-20250630.htm,sp100_dataset/MSFT/10-K_2025-07-30.txt,cached
NEE,NextEra Energy,Utilities,8-K,2026-07-08,0001104659-26-081863,https://www.sec.gov/Archives/edgar/data/753308/000110465926081863/tm2614888d16_8k.htm,sp100_dataset/NEE/8-K_2026-07-08.txt,cached
NEE,NextEra Energy,Utilities,8-K,2026-06-22,0000753308-26-000052,https://www.sec.gov/Archives/edgar/data/753308/000075330826000052/nee-20260622.htm,sp100_dataset/NEE/8-K_2026-06-22.txt,cached
NEE,NextEra Energy,Utilities,DEF 14A,2026-04-01,0001104659-26-038551,https://www.sec.gov/Archives/edgar/data/753308/000110465926038551/tm261592-1_def14a.htm,sp100_dataset/NEE/DEF14A_2026-04-01.txt,cached
NEE,NextEra Energy,Utilities,10-K,2026-02-13,0000753308-26-000015,https://www.sec.gov/Archives/edgar/data/753308/000075330826000015/nee-20251231.htm,sp100_dataset/NEE/10-K_2026-02-13.txt,cached
NFLX,"Netflix, Inc.",Communication Services,8-K,2026-06-05,0001065280-26-000189,https://www.sec.gov/Archives/edgar/data/1065280/000106528026000189/nflx-20260604.htm,sp100_dataset/NFLX/8-K_2026-06-05.txt,cached
NFLX,"Netflix, Inc.",Communication Services,8-K,2026-04-23,0001065280-26-000139,https://www.sec.gov/Archives/edgar/data/1065280/000106528026000139/nflx-20260422.htm,sp100_dataset/NFLX/8-K_2026-04-23.txt,cached
NFLX,"Netflix, Inc.",Communication Services,DEF 14A,2026-04-16,0001193125-26-159286,https://www.sec.gov/Archives/edgar/data/1065280/000119312526159286/d20613ddef14a.htm,sp100_dataset/NFLX/DEF14A_2026-04-16.txt,cached
NFLX,"Netflix, Inc.",Communication Services,10-K,2026-01-23,0001065280-26-000034,https://www.sec.gov/Archives/edgar/data/1065280/000106528026000034/nflx-20251231.htm,sp100_dataset/NFLX/10-K_2026-01-23.txt,cached
NKE,"Nike, Inc.",Consumer Discretionary,DEF 14A,2026-07-15,0000320187-26-000089,https://www.sec.gov/Archives/edgar/data/320187/000032018726000089/nke-20260715.htm,sp100_dataset/NKE/DEF14A_2026-07-15.txt,ok
NKE,"Nike, Inc.",Consumer Discretionary,10-K,2026-07-15,0000320187-26-000088,https://www.sec.gov/Archives/edgar/data/320187/000032018726000088/nke-20260531.htm,sp100_dataset/NKE/10-K_2026-07-15.txt,ok
NKE,"Nike, Inc.",Consumer Discretionary,8-K,2026-06-30,0000320187-26-000076,https://www.sec.gov/Archives/edgar/data/320187/000032018726000076/nke-20260630.htm,sp100_dataset/NKE/8-K_2026-06-30.txt,cached
NKE,"Nike, Inc.",Consumer Discretionary,8-K,2026-06-23,0000320187-26-000070,https://www.sec.gov/Archives/edgar/data/320187/000032018726000070/nke-20260616.htm,sp100_dataset/NKE/8-K_2026-06-23.txt,cached
NOW,ServiceNow,Information Technology,8-K,2026-05-22,0001373715-26-000065,https://www.sec.gov/Archives/edgar/data/1373715/000137371526000065/now-20260521.htm,sp100_dataset/NOW/8-K_2026-05-22.txt,cached
NOW,ServiceNow,Information Technology,8-K,2026-05-15,0001193125-26-226644,https://www.sec.gov/Archives/edgar/data/1373715/000119312526226644/d60522d8k.htm,sp100_dataset/NOW/8-K_2026-05-15.txt,cached
NOW,ServiceNow,Information Technology,DEF 14A,2026-04-06,0001373715-26-000039,https://www.sec.gov/Archives/edgar/data/1373715/000137371526000039/now-20260406.htm,sp100_dataset/NOW/DEF14A_2026-04-06.txt,cached
NOW,ServiceNow,Information Technology,10-K,2026-01-29,0001373715-26-000007,https://www.sec.gov/Archives/edgar/data/1373715/000137371526000007/now-20251231.htm,sp100_dataset/NOW/10-K_2026-01-29.txt,cached
NVDA,Nvidia,Information Technology,8-K,2026-07-02,0001045810-26-000060,https://www.sec.gov/Archives/edgar/data/1045810/000104581026000060/nvda-20260628.htm,sp100_dataset/NVDA/8-K_2026-07-02.txt,cached
NVDA,Nvidia,Information Technology,8-K,2026-06-30,0001045810-26-000056,https://www.sec.gov/Archives/edgar/data/1045810/000104581026000056/nvda-20260624.htm,sp100_dataset/NVDA/8-K_2026-06-30.txt,cached
NVDA,Nvidia,Information Technology,DEF 14A,2026-05-12,0001045810-26-000036,https://www.sec.gov/Archives/edgar/data/1045810/000104581026000036/nvda-20260512.htm,sp100_dataset/NVDA/DEF14A_2026-05-12.txt,cached
NVDA,Nvidia,Information Technology,10-K,2026-02-25,0001045810-26-000021,https://www.sec.gov/Archives/edgar/data/1045810/000104581026000021/nvda-20260125.htm,sp100_dataset/NVDA/10-K_2026-02-25.txt,cached
ORCL,Oracle Corporation,Information Technology,10-K,2026-06-22,0001193125-26-277521,https://www.sec.gov/Archives/edgar/data/1341439/000119312526277521/orcl-20260531.htm,sp100_dataset/ORCL/10-K_2026-06-22.txt,cached
ORCL,Oracle Corporation,Information Technology,8-K,2026-06-10,0001193125-26-265848,https://www.sec.gov/Archives/edgar/data/1341439/000119312526265848/orcl-20260610.htm,sp100_dataset/ORCL/8-K_2026-06-10.txt,cached
ORCL,Oracle Corporation,Information Technology,8-K,2026-05-12,0001193125-26-219708,https://www.sec.gov/Archives/edgar/data/1341439/000119312526219708/d76569d8k.htm,sp100_dataset/ORCL/8-K_2026-05-12.txt,cached
ORCL,Oracle Corporation,Information Technology,DEF 14A,2025-09-26,0001193125-25-220801,https://www.sec.gov/Archives/edgar/data/1341439/000119312525220801/d72066ddef14a.htm,sp100_dataset/ORCL/DEF14A_2025-09-26.txt,cached
PEP,PepsiCo,Consumer Staples,8-K,2026-07-09,0000077476-26-000037,https://www.sec.gov/Archives/edgar/data/77476/000007747626000037/pep-20260709.htm,sp100_dataset/PEP/8-K_2026-07-09.txt,cached
PEP,PepsiCo,Consumer Staples,8-K,2026-05-22,0001104659-26-065758,https://www.sec.gov/Archives/edgar/data/77476/000110465926065758/tm2615167d1_8k.htm,sp100_dataset/PEP/8-K_2026-05-22.txt,cached
PEP,PepsiCo,Consumer Staples,DEF 14A,2026-03-27,0001308179-26-000169,https://www.sec.gov/Archives/edgar/data/77476/000130817926000169/pep015012_def14a.htm,sp100_dataset/PEP/DEF14A_2026-03-27.txt,cached
PEP,PepsiCo,Consumer Staples,10-K,2026-02-03,0000077476-26-000007,https://www.sec.gov/Archives/edgar/data/77476/000007747626000007/pep-20251227.htm,sp100_dataset/PEP/10-K_2026-02-03.txt,cached
PFE,Pfizer,Health Care,8-K,2026-06-18,0000078003-26-000087,https://www.sec.gov/Archives/edgar/data/78003/000007800326000087/pfe-20260618.htm,sp100_dataset/PFE/8-K_2026-06-18.txt,ok
PFE,Pfizer,Health Care,8-K,2026-06-18,0000078003-26-000085,https://www.sec.gov/Archives/edgar/data/78003/000007800326000085/pfe-20260618.htm,sp100_dataset/PFE/8-K_2026-06-18_2.txt,ok
PFE,Pfizer,Health Care,DEF 14A,2026-03-12,0000078003-26-000033,https://www.sec.gov/Archives/edgar/data/78003/000007800326000033/pfe-20260312.htm,sp100_dataset/PFE/DEF14A_2026-03-12.txt,cached
PFE,Pfizer,Health Care,10-K,2026-02-26,0000078003-26-000026,https://www.sec.gov/Archives/edgar/data/78003/000007800326000026/pfe-20251231.htm,sp100_dataset/PFE/10-K_2026-02-26.txt,cached
PG,Procter & Gamble,Consumer Staples,8-K,2026-07-14,0000080424-26-000082,https://www.sec.gov/Archives/edgar/data/80424/000008042426000082/pg-20260714.htm,sp100_dataset/PG/8-K_2026-07-14.txt,cached
PG,Procter & Gamble,Consumer Staples,8-K,2026-04-24,0000080424-26-000057,https://www.sec.gov/Archives/edgar/data/80424/000008042426000057/pg-20260424.htm,sp100_dataset/PG/8-K_2026-04-24.txt,cached
PG,Procter & Gamble,Consumer Staples,DEF 14A,2025-08-29,0001193125-25-191749,https://www.sec.gov/Archives/edgar/data/80424/000119312525191749/d875382ddef14a.htm,sp100_dataset/PG/DEF14A_2025-08-29.txt,cached
PG,Procter & Gamble,Consumer Staples,10-K,2025-08-04,0000080424-25-000076,https://www.sec.gov/Archives/edgar/data/80424/000008042425000076/pg-20250630.htm,sp100_dataset/PG/10-K_2025-08-04.txt,cached
PLTR,Palantir Technologies,Information Technology,8-K,2026-06-09,0001321655-26-000033,https://www.sec.gov/Archives/edgar/data/1321655/000132165526000033/pltr-20260603.htm,sp100_dataset/PLTR/8-K_2026-06-09.txt,cached
PLTR,Palantir Technologies,Information Technology,8-K,2026-05-04,0001321655-26-000026,https://www.sec.gov/Archives/edgar/data/1321655/000132165526000026/pltr-20260504.htm,sp100_dataset/PLTR/8-K_2026-05-04.txt,cached
PLTR,Palantir Technologies,Information Technology,DEF 14A,2026-04-24,0001321655-26-000019,https://www.sec.gov/Archives/edgar/data/1321655/000132165526000019/pltr-20260423.htm,sp100_dataset/PLTR/DEF14A_2026-04-24.txt,cached
PLTR,Palantir Technologies,Information Technology,10-K,2026-02-17,0001321655-26-000011,https://www.sec.gov/Archives/edgar/data/1321655/000132165526000011/pltr-20251231.htm,sp100_dataset/PLTR/10-K_2026-02-17.txt,cached
PM,Philip Morris International,Consumer Staples,8-K,2026-07-09,0001628280-26-047782,https://www.sec.gov/Archives/edgar/data/1413329/000162828026047782/pm-20260706.htm,sp100_dataset/PM/8-K_2026-07-09.txt,cached
PM,Philip Morris International,Consumer Staples,8-K,2026-06-29,0001104659-26-078814,https://www.sec.gov/Archives/edgar/data/1413329/000110465926078814/tm2618983d1_8k.htm,sp100_dataset/PM/8-K_2026-06-29.txt,cached
PM,Philip Morris International,Consumer Staples,DEF 14A,2026-03-26,0001628280-26-021169,https://www.sec.gov/Archives/edgar/data/1413329/000162828026021169/pmi-20260325.htm,sp100_dataset/PM/DEF14A_2026-03-26.txt,cached
PM,Philip Morris International,Consumer Staples,10-K,2026-02-06,0001628280-26-005939,https://www.sec.gov/Archives/edgar/data/1413329/000162828026005939/pm-20251231.htm,sp100_dataset/PM/10-K_2026-02-06.txt,cached
PYPL,PayPal,Financials,8-K,2026-05-21,0001633917-26-000076,https://www.sec.gov/Archives/edgar/data/1633917/000163391726000076/pypl-20260519.htm,sp100_dataset/PYPL/8-K_2026-05-21.txt,cached
PYPL,PayPal,Financials,8-K,2026-05-15,0001193125-26-226653,https://www.sec.gov/Archives/edgar/data/1633917/000119312526226653/d930458d8k.htm,sp100_dataset/PYPL/8-K_2026-05-15.txt,cached
PYPL,PayPal,Financials,DEF 14A,2026-04-07,0001193125-26-145721,https://www.sec.gov/Archives/edgar/data/1633917/000119312526145721/d59508ddef14a.htm,sp100_dataset/PYPL/DEF14A_2026-04-07.txt,cached
PYPL,PayPal,Financials,10-K,2026-02-03,0001633917-26-000024,https://www.sec.gov/Archives/edgar/data/1633917/000163391726000024/pypl-20251231.htm,sp100_dataset/PYPL/10-K_2026-02-03.txt,cached
QCOM,Qualcomm,Information Technology,8-K,2026-06-24,0001104659-26-077071,https://www.sec.gov/Archives/edgar/data/804328/000110465926077071/tm2618522d1_8k.htm,sp100_dataset/QCOM/8-K_2026-06-24.txt,cached
QCOM,Qualcomm,Information Technology,8-K,2026-04-29,0000804328-26-000060,https://www.sec.gov/Archives/edgar/data/804328/000080432826000060/qcom-20260429.htm,sp100_dataset/QCOM/8-K_2026-04-29.txt,cached
QCOM,Qualcomm,Information Technology,DEF 14A,2026-01-22,0001104659-26-005781,https://www.sec.gov/Archives/edgar/data/804328/000110465926005781/tm2528704-1_def14a.htm,sp100_dataset/QCOM/DEF14A_2026-01-22.txt,cached
QCOM,Qualcomm,Information Technology,10-K,2025-11-05,0000804328-25-000085,https://www.sec.gov/Archives/edgar/data/804328/000080432825000085/qcom-20250928.htm,sp100_dataset/QCOM/10-K_2025-11-05.txt,cached
RTX,RTX Corporation,Industrials,8-K,2026-05-04,0001140361-26-018932,https://www.sec.gov/Archives/edgar/data/101829/000114036126018932/ef20072402_8k.htm,sp100_dataset/RTX/8-K_2026-05-04.txt,cached
RTX,RTX Corporation,Industrials,8-K,2026-04-21,0000101829-26-000009,https://www.sec.gov/Archives/edgar/data/101829/000010182926000009/rtx-20260421.htm,sp100_dataset/RTX/8-K_2026-04-21.txt,cached
RTX,RTX Corporation,Industrials,DEF 14A,2026-03-09,0001308179-26-000036,https://www.sec.gov/Archives/edgar/data/101829/000130817926000036/rtx014050-def14a.htm,sp100_dataset/RTX/DEF14A_2026-03-09.txt,cached
RTX,RTX Corporation,Industrials,10-K,2026-02-06,0000101829-26-000006,https://www.sec.gov/Archives/edgar/data/101829/000010182926000006/rtx-20251231.htm,sp100_dataset/RTX/10-K_2026-02-06.txt,cached
SBUX,Starbucks,Consumer Discretionary,8-K,2026-06-12,0000829224-26-000106,https://www.sec.gov/Archives/edgar/data/829224/000082922426000106/sbux-20260611.htm,sp100_dataset/SBUX/8-K_2026-06-12.txt,cached
SBUX,Starbucks,Consumer Discretionary,8-K,2026-05-20,0000829224-26-000094,https://www.sec.gov/Archives/edgar/data/829224/000082922426000094/sbux-20260520.htm,sp100_dataset/SBUX/8-K_2026-05-20.txt,cached
SBUX,Starbucks,Consumer Discretionary,DEF 14A,2026-01-26,0001213900-26-007780,https://www.sec.gov/Archives/edgar/data/829224/000121390026007780/ea0270973-01.htm,sp100_dataset/SBUX/DEF14A_2026-01-26.txt,cached
SBUX,Starbucks,Consumer Discretionary,10-K,2025-11-14,0000829224-25-000114,https://www.sec.gov/Archives/edgar/data/829224/000082922425000114/sbux-20250928.htm,sp100_dataset/SBUX/10-K_2025-11-14.txt,cached
SCHW,Charles Schwab Corporation,Financials,8-K,2026-06-29,0001193125-26-288640,https://www.sec.gov/Archives/edgar/data/316709/000119312526288640/d334556d8k.htm,sp100_dataset/SCHW/8-K_2026-06-29.txt,cached
SCHW,Charles Schwab Corporation,Financials,8-K,2026-06-01,0001193125-26-251689,https://www.sec.gov/Archives/edgar/data/316709/000119312526251689/d143555d8k.htm,sp100_dataset/SCHW/8-K_2026-06-01.txt,cached
SCHW,Charles Schwab Corporation,Financials,DEF 14A,2026-04-06,0001193125-26-142826,https://www.sec.gov/Archives/edgar/data/316709/000119312526142826/d930509ddef14a.htm,sp100_dataset/SCHW/DEF14A_2026-04-06.txt,cached
SCHW,Charles Schwab Corporation,Financials,10-K,2026-02-25,0000316709-26-000009,https://www.sec.gov/Archives/edgar/data/316709/000031670926000009/schw-20251231.htm,sp100_dataset/SCHW/10-K_2026-02-25.txt,cached
SO,Southern Company,Utilities,8-K,2026-06-08,0000092122-26-000046,https://www.sec.gov/Archives/edgar/data/92122/000009212226000046/so-20260608.htm,sp100_dataset/SO/8-K_2026-06-08.txt,cached
SO,Southern Company,Utilities,8-K,2026-05-15,0000092122-26-000040,https://www.sec.gov/Archives/edgar/data/92122/000009212226000040/so-20260513.htm,sp100_dataset/SO/8-K_2026-05-15.txt,cached
SO,Southern Company,Utilities,DEF 14A,2026-04-03,0000092122-26-000028,https://www.sec.gov/Archives/edgar/data/92122/000009212226000028/so-20260402.htm,sp100_dataset/SO/DEF14A_2026-04-03.txt,cached
SO,Southern Company,Utilities,10-K,2026-02-19,0000092122-26-000006,https://www.sec.gov/Archives/edgar/data/92122/000009212226000006/so-20251231.htm,sp100_dataset/SO/10-K_2026-02-19.txt,cached
SPG,Simon Property Group,Real Estate,8-K,2026-05-15,0001104659-26-062012,https://www.sec.gov/Archives/edgar/data/1063761/000110465926062012/tm2614706d1_8k.htm,sp100_dataset/SPG/8-K_2026-05-15.txt,cached
SPG,Simon Property Group,Real Estate,8-K,2026-05-11,0001104659-26-058646,https://www.sec.gov/Archives/edgar/data/1063761/000110465926058646/tm2611645d1_8k.htm,sp100_dataset/SPG/8-K_2026-05-11.txt,cached
SPG,Simon Property Group,Real Estate,DEF 14A,2026-04-01,0001104659-26-038320,https://www.sec.gov/Archives/edgar/data/1063761/000110465926038320/spg-20260513xdef14a.htm,sp100_dataset/SPG/DEF14A_2026-04-01.txt,cached
SPG,Simon Property Group,Real Estate,10-K,2026-02-25,0001104659-26-019419,https://www.sec.gov/Archives/edgar/data/1063761/000110465926019419/spg-20251231x10k.htm,sp100_dataset/SPG/10-K_2026-02-25.txt,cached
T,AT&T,Communication Services,8-K,2026-06-16,0001193125-26-272580,https://www.sec.gov/Archives/edgar/data/732717/000119312526272580/d151168d8k.htm,sp100_dataset/T/8-K_2026-06-16.txt,cached
T,AT&T,Communication Services,8-K,2026-05-20,0001193125-26-232817,https://www.sec.gov/Archives/edgar/data/732717/000119312526232817/d227921d8k.htm,sp100_dataset/T/8-K_2026-05-20.txt,cached
T,AT&T,Communication Services,DEF 14A,2026-03-23,0001193125-26-119888,https://www.sec.gov/Archives/edgar/data/732717/000119312526119888/d919223ddef14a.htm,sp100_dataset/T/DEF14A_2026-03-23.txt,cached
T,AT&T,Communication Services,10-K,2026-02-09,0000732717-26-000120,https://www.sec.gov/Archives/edgar/data/732717/000073271726000120/t-20251231.htm,sp100_dataset/T/10-K_2026-02-09.txt,cached
TGT,Target Corporation,Consumer Discretionary,8-K,2026-06-12,0000027419-26-000026,https://www.sec.gov/Archives/edgar/data/27419/000002741926000026/tgt-20260610.htm,sp100_dataset/TGT/8-K_2026-06-12.txt,cached
TGT,Target Corporation,Consumer Discretionary,8-K,2026-05-20,0000027419-26-000020,https://www.sec.gov/Archives/edgar/data/27419/000002741926000020/tgt-20260520.htm,sp100_dataset/TGT/8-K_2026-05-20.txt,cached
TGT,Target Corporation,Consumer Discretionary,DEF 14A,2026-04-27,0001628280-26-027508,https://www.sec.gov/Archives/edgar/data/27419/000162828026027508/tgt-20260426.htm,sp100_dataset/TGT/DEF14A_2026-04-27.txt,cached
TGT,Target Corporation,Consumer Discretionary,10-K,2026-03-11,0000027419-26-000016,https://www.sec.gov/Archives/edgar/data/27419/000002741926000016/tgt-20260131.htm,sp100_dataset/TGT/10-K_2026-03-11.txt,cached
TMO,Thermo Fisher Scientific,Health Care,8-K,2026-05-26,0000097745-26-000117,https://www.sec.gov/Archives/edgar/data/97745/000009774526000117/tmo-20260520.htm,sp100_dataset/TMO/8-K_2026-05-26.txt,cached
TMO,Thermo Fisher Scientific,Health Care,8-K,2026-04-23,0000097745-26-000086,https://www.sec.gov/Archives/edgar/data/97745/000009774526000086/tmo-20260423.htm,sp100_dataset/TMO/8-K_2026-04-23.txt,cached
TMO,Thermo Fisher Scientific,Health Care,DEF 14A,2026-04-07,0001193125-26-144585,https://www.sec.gov/Archives/edgar/data/97745/000119312526144585/d66426ddef14a.htm,sp100_dataset/TMO/DEF14A_2026-04-07.txt,cached
TMO,Thermo Fisher Scientific,Health Care,10-K,2026-02-26,0000097745-26-000018,https://www.sec.gov/Archives/edgar/data/97745/000009774526000018/tmo-20251231.htm,sp100_dataset/TMO/10-K_2026-02-26.txt,cached
TMUS,T-Mobile US,Communication Services,8-K,2026-07-07,0001193125-26-297534,https://www.sec.gov/Archives/edgar/data/1283699/000119312526297534/d170112d8k.htm,sp100_dataset/TMUS/8-K_2026-07-07.txt,cached
TMUS,T-Mobile US,Communication Services,8-K,2026-06-18,0001193125-26-275787,https://www.sec.gov/Archives/edgar/data/1283699/000119312526275787/d167113d8k.htm,sp100_dataset/TMUS/8-K_2026-06-18.txt,cached
TMUS,T-Mobile US,Communication Services,DEF 14A,2026-04-27,0001193125-26-181884,https://www.sec.gov/Archives/edgar/data/1283699/000119312526181884/d11985ddef14a.htm,sp100_dataset/TMUS/DEF14A_2026-04-27.txt,cached
TMUS,T-Mobile US,Communication Services,10-K,2026-02-11,0001283699-26-000010,https://www.sec.gov/Archives/edgar/data/1283699/000128369926000010/tmus-20251231.htm,sp100_dataset/TMUS/10-K_2026-02-11.txt,cached
TSLA,"Tesla, Inc.",Consumer Discretionary,8-K,2026-07-02,0001628280-26-046717,https://www.sec.gov/Archives/edgar/data/1318605/000162828026046717/tsla-20260702.htm,sp100_dataset/TSLA/8-K_2026-07-02.txt,cached
TSLA,"Tesla, Inc.",Consumer Discretionary,8-K,2026-04-22,0001628280-26-026551,https://www.sec.gov/Archives/edgar/data/1318605/000162828026026551/tsla-20260422.htm,sp100_dataset/TSLA/8-K_2026-04-22.txt,cached
TSLA,"Tesla, Inc.",Consumer Discretionary,10-K,2026-01-29,0001628280-26-003952,https://www.sec.gov/Archives/edgar/data/1318605/000162828026003952/tsla-20251231.htm,sp100_dataset/TSLA/10-K_2026-01-29.txt,cached
TSLA,"Tesla, Inc.",Consumer Discretionary,DEF 14A,2025-09-17,0001104659-25-090866,https://www.sec.gov/Archives/edgar/data/1318605/000110465925090866/tm252289-12_def14a.htm,sp100_dataset/TSLA/DEF14A_2025-09-17.txt,cached
TXN,Texas Instruments,Information Technology,8-K,2026-06-02,0000950103-26-008325,https://www.sec.gov/Archives/edgar/data/97476/000095010326008325/dp247795_8k.htm,sp100_dataset/TXN/8-K_2026-06-02.txt,cached
TXN,Texas Instruments,Information Technology,8-K,2026-04-22,0000097476-26-000097,https://www.sec.gov/Archives/edgar/data/97476/000009747626000097/txn-20260422.htm,sp100_dataset/TXN/8-K_2026-04-22.txt,cached
TXN,Texas Instruments,Information Technology,DEF 14A,2026-03-04,0000097476-26-000078,https://www.sec.gov/Archives/edgar/data/97476/000009747626000078/txn-20260303.htm,sp100_dataset/TXN/DEF14A_2026-03-04.txt,cached
TXN,Texas Instruments,Information Technology,10-K,2026-02-06,0000097476-26-000059,https://www.sec.gov/Archives/edgar/data/97476/000009747626000059/txn-20251231.htm,sp100_dataset/TXN/10-K_2026-02-06.txt,cached
UBER,Uber,Industrials,8-K,2026-05-11,0001552781-26-000320,https://www.sec.gov/Archives/edgar/data/1543151/000155278126000320/e26247_uber-8k.htm,sp100_dataset/UBER/8-K_2026-05-11.txt,cached
UBER,Uber,Industrials,8-K,2026-05-08,0001552781-26-000314,https://www.sec.gov/Archives/edgar/data/1543151/000155278126000314/e26243_uber-8k.htm,sp100_dataset/UBER/8-K_2026-05-08.txt,cached
UBER,Uber,Industrials,DEF 14A,2026-03-23,0001308179-26-000125,https://www.sec.gov/Archives/edgar/data/1543151/000130817926000125/uber014597-def14a.htm,sp100_dataset/UBER/DEF14A_2026-03-23.txt,cached
UBER,Uber,Industrials,10-K,2026-02-13,0001543151-26-000015,https://www.sec.gov/Archives/edgar/data/1543151/000154315126000015/uber-20251231.htm,sp100_dataset/UBER/10-K_2026-02-13.txt,cached
UNH,UnitedHealth Group,Health Care,8-K,2026-06-05,0000731766-26-000138,https://www.sec.gov/Archives/edgar/data/731766/000073176626000138/unh-20260601.htm,sp100_dataset/UNH/8-K_2026-06-05.txt,cached
UNH,UnitedHealth Group,Health Care,8-K,2026-05-11,0000731766-26-000129,https://www.sec.gov/Archives/edgar/data/731766/000073176626000129/unh-20260511.htm,sp100_dataset/UNH/8-K_2026-05-11.txt,cached
UNH,UnitedHealth Group,Health Care,DEF 14A,2026-04-21,0001104659-26-046125,https://www.sec.gov/Archives/edgar/data/731766/000110465926046125/tm261387-6_def14a.htm,sp100_dataset/UNH/DEF14A_2026-04-21.txt,cached
UNH,UnitedHealth Group,Health Care,10-K,2026-03-02,0000731766-26-000062,https://www.sec.gov/Archives/edgar/data/731766/000073176626000062/unh-20251231.htm,sp100_dataset/UNH/10-K_2026-03-02.txt,cached
UNP,Union Pacific Corporation,Industrials,8-K,2026-05-18,0000100885-26-000174,https://www.sec.gov/Archives/edgar/data/100885/000010088526000174/unp-20260514.htm,sp100_dataset/UNP/8-K_2026-05-18.txt,cached
UNP,Union Pacific Corporation,Industrials,8-K,2026-04-23,0000100885-26-000154,https://www.sec.gov/Archives/edgar/data/100885/000010088526000154/unp-20260423.htm,sp100_dataset/UNP/8-K_2026-04-23.txt,cached
UNP,Union Pacific Corporation,Industrials,DEF 14A,2026-03-25,0000100885-26-000098,https://www.sec.gov/Archives/edgar/data/100885/000010088526000098/unp-20260324.htm,sp100_dataset/UNP/DEF14A_2026-03-25.txt,cached
UNP,Union Pacific Corporation,Industrials,10-K,2026-02-06,0000100885-26-000037,https://www.sec.gov/Archives/edgar/data/100885/000010088526000037/unp-20251231.htm,sp100_dataset/UNP/10-K_2026-02-06.txt,cached
UPS,United Parcel Service,Industrials,8-K,2026-06-15,0001628280-26-043196,https://www.sec.gov/Archives/edgar/data/1090727/000162828026043196/ups-20260613.htm,sp100_dataset/UPS/8-K_2026-06-15.txt,cached
UPS,United Parcel Service,Industrials,8-K,2026-05-13,0001628280-26-034597,https://www.sec.gov/Archives/edgar/data/1090727/000162828026034597/ups-20260513.htm,sp100_dataset/UPS/8-K_2026-05-13.txt,cached
UPS,United Parcel Service,Industrials,DEF 14A,2026-03-19,0001628280-26-019856,https://www.sec.gov/Archives/edgar/data/1090727/000162828026019856/ups-20260319.htm,sp100_dataset/UPS/DEF14A_2026-03-19.txt,cached
UPS,United Parcel Service,Industrials,10-K,2026-02-17,0001628280-26-008432,https://www.sec.gov/Archives/edgar/data/1090727/000162828026008432/ups-20251231.htm,sp100_dataset/UPS/10-K_2026-02-17.txt,cached
USB,U.S. Bancorp,Financials,8-K,2026-06-24,0000036104-26-000035,https://www.sec.gov/Archives/edgar/data/36104/000003610426000035/usb-20260624.htm,sp100_dataset/USB/8-K_2026-06-24.txt,cached
USB,U.S. Bancorp,Financials,8-K,2026-04-23,0001193125-26-173818,https://www.sec.gov/Archives/edgar/data/36104/000119312526173818/d57257d8k.htm,sp100_dataset/USB/8-K_2026-04-23.txt,cached
USB,U.S. Bancorp,Financials,DEF 14A,2026-03-10,0001104659-26-025844,https://www.sec.gov/Archives/edgar/data/36104/000110465926025844/tm261379-1_def14a.htm,sp100_dataset/USB/DEF14A_2026-03-10.txt,cached
USB,U.S. Bancorp,Financials,10-K,2026-02-23,0000036104-26-000011,https://www.sec.gov/Archives/edgar/data/36104/000003610426000011/usb-20251231.htm,sp100_dataset/USB/10-K_2026-02-23.txt,cached
V,Visa Inc.,Financials,8-K,2026-07-15,0001403161-26-000096,https://www.sec.gov/Archives/edgar/data/1403161/000140316126000096/v-20260714.htm,sp100_dataset/V/8-K_2026-07-15.txt,ok
V,Visa Inc.,Financials,8-K,2026-06-26,0001403161-26-000086,https://www.sec.gov/Archives/edgar/data/1403161/000140316126000086/v-20260624.htm,sp100_dataset/V/8-K_2026-06-26.txt,cached
V,Visa Inc.,Financials,DEF 14A,2025-12-08,0001308179-25-000635,https://www.sec.gov/Archives/edgar/data/1403161/000130817925000635/v-20251208.htm,sp100_dataset/V/DEF14A_2025-12-08.txt,cached
V,Visa Inc.,Financials,10-K,2025-11-06,0001403161-25-000089,https://www.sec.gov/Archives/edgar/data/1403161/000140316125000089/v-20250930.htm,sp100_dataset/V/10-K_2025-11-06.txt,cached
VZ,Verizon,Communication Services,8-K,2026-06-29,0001193125-26-286771,https://www.sec.gov/Archives/edgar/data/732712/000119312526286771/d165697d8k.htm,sp100_dataset/VZ/8-K_2026-06-29.txt,cached
VZ,Verizon,Communication Services,8-K,2026-06-17,0001193125-26-273410,https://www.sec.gov/Archives/edgar/data/732712/000119312526273410/d15574d8k.htm,sp100_dataset/VZ/8-K_2026-06-17.txt,cached
VZ,Verizon,Communication Services,DEF 14A,2026-04-06,0001308179-26-000210,https://www.sec.gov/Archives/edgar/data/732712/000130817926000210/vz014688_def14a.htm,sp100_dataset/VZ/DEF14A_2026-04-06.txt,cached
VZ,Verizon,Communication Services,10-K,2026-02-17,0000732712-26-000007,https://www.sec.gov/Archives/edgar/data/732712/000073271226000007/vz-20251231.htm,sp100_dataset/VZ/10-K_2026-02-17.txt,cached
WFC,Wells Fargo,Financials,8-K,2026-07-14,0000072971-26-000288,https://www.sec.gov/Archives/edgar/data/72971/000007297126000288/wfc-20260714.htm,sp100_dataset/WFC/8-K_2026-07-14.txt,cached
WFC,Wells Fargo,Financials,8-K,2026-05-20,0001193125-26-232818,https://www.sec.gov/Archives/edgar/data/72971/000119312526232818/d140428d8k.htm,sp100_dataset/WFC/8-K_2026-05-20.txt,cached
WFC,Wells Fargo,Financials,DEF 14A,2026-03-18,0000072971-26-000200,https://www.sec.gov/Archives/edgar/data/72971/000007297126000200/wfc-20260318.htm,sp100_dataset/WFC/DEF14A_2026-03-18.txt,cached
WFC,Wells Fargo,Financials,10-K,2026-02-24,0000072971-26-000133,https://www.sec.gov/Archives/edgar/data/72971/000007297126000133/wfc-20251231_d2.htm,sp100_dataset/WFC/10-K_2026-02-24.txt,cached
WMT,Walmart,Consumer Staples,8-K,2026-06-05,0000104169-26-000111,https://www.sec.gov/Archives/edgar/data/104169/000010416926000111/wmt-20260604.htm,sp100_dataset/WMT/8-K_2026-06-05.txt,cached
WMT,Walmart,Consumer Staples,8-K,2026-05-21,0000104169-26-000095,https://www.sec.gov/Archives/edgar/data/104169/000010416926000095/wmt-20260521.htm,sp100_dataset/WMT/8-K_2026-05-21.txt,cached
WMT,Walmart,Consumer Staples,DEF 14A,2026-04-23,0001193125-26-173673,https://www.sec.gov/Archives/edgar/data/104169/000119312526173673/wmt-20260423.htm,sp100_dataset/WMT/DEF14A_2026-04-23.txt,cached
WMT,Walmart,Consumer Staples,10-K,2026-03-13,0000104169-26-000055,https://www.sec.gov/Archives/edgar/data/104169/000010416926000055/wmt-20260131.htm,sp100_dataset/WMT/10-K_2026-03-13.txt,cached
XOM,ExxonMobil,Energy,8-K,2026-07-01,0001193125-26-291986,https://www.sec.gov/Archives/edgar/data/34088/000119312526291986/d70995d8k.htm,sp100_dataset/XOM/8-K_2026-07-01.txt,cached
XOM,ExxonMobil,Energy,8-K,2026-05-29,0000034088-26-000078,https://www.sec.gov/Archives/edgar/data/34088/000003408826000078/xom-20260527.htm,sp100_dataset/XOM/8-K_2026-05-29.txt,cached
XOM,ExxonMobil,Energy,DEF 14A,2026-04-08,0001193125-26-147614,https://www.sec.gov/Archives/edgar/data/34088/000119312526147614/d16317ddef14a.htm,sp100_dataset/XOM/DEF14A_2026-04-08.txt,cached
XOM,ExxonMobil,Energy,10-K,2026-02-18,0000034088-26-000045,https://www.sec.gov/Archives/edgar/data/34088/000003408826000045/xom-20251231.htm,sp100_dataset/XOM/10-K_2026-02-18.txt,cached
